"Front","Back","Tags"
"Co je mentální retardace a kde je „hranice defektivity""?","Souhrnné označení VROZENÉHO defektu rozumových schopností (méně než 70 % normy), trvalého. Příčinou je porucha CNS. Hranice mentální defektivity = IQ 70 (průměr = IQ 100). V populaci ~3 %. — Zdroj: Vágnerová kap.10, STR.77, 79","pripad1 psychopedie definice"
"Stupně mentální retardace podle MKN-10 (kódy + pásma IQ)?","F70 lehká (50–69) · F71 středně těžká (35–49) · F72 těžká (20–34) · F73 hluboká (0–19). Staré názvy debilita/imbecilita/idiocie se už nepoužívají (pejorativní). — Zdroj: Vágnerová Tab.10.1, STR.78","pripad1 psychopedie klasifikace"
"Středně těžká MR (F71) — jaká je úroveň myšlení, řeči a učení?","Myšlení ≈ předškolní dítě. Řeč chudá, agramatická, špatně artikulovaná; chybí i méně běžné konkrétní pojmy. Učí se jen mechanicky na praktické úrovni. Zvládne běžné návyky a jednoduché dovednosti (sebeobsluha, pracovní úkony). — Zdroj: Vágnerová STR.78","pripad1 psychopedie stupen-f71"
"Klíčový rozdíl: mentální retardace × demence?","MR = VROZENÝ defekt rozumu od počátku vývoje, trvalý. Demence = ZÍSKANÝ úbytek dříve normálních rozumových schopností. (Záměna je častá zkušební chyba.) — Zdroj: Vágnerová STR.77","pripad1 psychopedie diferenciace"
"Hlavní příčiny vzniku mentální retardace?","1) Dědičné (Downův sy = trizomie 21; polygenní). 2) Teratogenní prenatální (záření, alkohol, léky, virus zarděnek). 3) Perinatální (asfyxie, krvácení do mozku). 4) Postnatální do 18 měsíců (později = získané). POZOR: pseudooligofrenie (ze zanedbanosti, bez narušení CNS) NENÍ MR. — Zdroj: Vágnerová STR.78","pripad1 psychopedie etiologie"
"Terapie MR — čeho se VYVAROVAT?","Nepřetěžovat (nadměrné/nesrozumitelné nároky = stres → afekty, sebepoškozování). Nevyžadovat abstrakci, rychlé reakce, časté změny úkolů ani flexibilitu. Nepoužívat ironii/metafory. Neměnit zbytečně prostředí, režim a pečující osoby. Nenechat dospělého bez vedení (jinak ztrácí dovednosti). — Zdroj: Vágnerová STR.79–81","pripad1 psychopedie terapie-vyvarovat-se"
"Terapie MR — na čem PRACOVAT?","Klidné, stabilní, srozumitelné prostředí + stereotyp a pravidelný režim. Citová jistota (vztah s blízkou osobou = motivace učení). Nácvik sebeobsluhy/soběstačnosti i v dospělosti. Přiměřené pracovní začlenění (uchovává kompetence + dává náplň). Pozitivní hodnocení/pochvala. Logopedie na vadu řeči. — Zdroj: Vágnerová STR.79–83","pripad1 psychopedie terapie-pracovat-na"
"Případ 1: jak vyložit okusování nehtů, sníženou sebeobsluhu a apatii?","Okusování nehtů = autostimulace / obranná reakce (uvolnění napětí, náhradní podněty), ne pouhý zlozvyk → reagovat úpravou zátěže a podnětů, ne tlakem. Apatie: bez činnosti a vedení MR dospělý „chátrá"" → přímou intervencí je přiměřená pracovní náplň (denní stacionář). — Zdroj: Vágnerová STR.79, 81, 83","pripad1 psychopedie kontext-pripadu"
"Případ 1: s kým / čím propojit (organizace, odborníci v ČR)?","SPC (speciálně-pedagogické centrum), denní stacionář, SPMP ČR, klinický logoped (vada řeči + AAK), chráněné dílny / podporované zaměstnávání, sociální odbor (příspěvek na péči). — Zdroj: bibliografie.md ⚠️ ověřit aktuálnost","pripad1 organizace propojeni"
"Co je Aspergerův syndrom a kam patří?","Pervazivní vývojová porucha (PAS, vysokofunkční). Disharmonický vývoj osobnosti s převažující ZÁVAŽNOU poruchou v oblasti sociálních vztahů. Na rozdíl od dětského autismu je inteligence a řeč zpravidla V NORMĚ. — Zdroj: Vágnerová kap.11.2, STR.87","pripad2 speciální pedagogika osob s PAS definice"
"Aspergerův syndrom v rámci spektra PAS — čím se liší od ostatních podtypů?","Je VYSOKOFUNKČNÍ: intelekt i řeč v normě (F84.5). Dětský autismus (F84.0) = plná triáda od raného věku, často + MR. Atypický autismus (F84.1) = neúplná kritéria. Hellerův sy = regres po normálním vývoji do 2 let. — Zdroj: Vágnerová STR.87","pripad2 speciální pedagogika osob s PAS typ-pas"
"Co je triáda PAS a jak se projevuje u Aspergera?","Triáda = porucha sociální interakce + komunikace + stereotypní/repetitivní chování a omezené zájmy. U Aspergera je jádrem porucha sociálních vztahů (sociální naivita, doslovnost, neporozumění ironii); řeč i intelekt zachovány. — Zdroj: Vágnerová STR.84–87; Thorová ⚠️","pripad2 speciální pedagogika osob s PAS projevy-triada"
"Jaké jsou příčiny PAS (a jaký mýtus u zkoušky vyvrátit)?","Vrozená neurovývojová porucha — ORGANICKÉ postižení mozku, převážně GENETICKÉ předurčení. Faktory vnějšího prostředí nehrají podstatnou roli. POZOR: teorie „chladné matky"" (Bettelheim) je VYVRÁCENÝ, překonaný mýtus! — Zdroj: Vágnerová STR.84","pripad2 speciální pedagogika osob s PAS etiologie"
"Aspergerův syndrom × dětský autismus × mentální retardace — jak odlišit?","Asperger: intelekt i řeč v normě, jádrem porucha sociálních vztahů. Dětský autismus: řeč nápadná/opožděná, často snížen intelekt, plná triáda od raného věku. MR: globální snížení rozumu (IQ<70), NE primárně sociální porucha. Vývojová dysfázie: narušena řeč, ale sociální interakce zachována. — Zdroj: Vágnerová STR.77, 85–87","pripad2 speciální pedagogika osob s PAS diferenciace"
"Terapie Aspergerova syndromu — čeho se VYVAROVAT?","Nesvádět poruchu na rodinu (mýtus chladné matky). Nepoužívat ironii, metafory, nepřímé pokyny (chápe doslovně). Neměnit náhle režim a pravidla (úzkost/afekt). Nepřetěžovat nestrukturovanými sociálními situacemi. Nepodceňovat intelekt — není mentálně retardovaný. — Zdroj: Vágnerová STR.84–87; Thorová ⚠️","pripad2 speciální pedagogika osob s PAS terapie-vyvarovat-se"
"Terapie Aspergerova syndromu — na čem PRACOVAT?","Nácvik sociálních dovedností (explicitní výuka nepsaných pravidel — intelekt to umožňuje). Strukturované, předvídatelné prostředí, vizualizace. Podpora v běžné ZŠ (asistent, IVP, prevence šikany). Využít úzké zájmy jako motivaci a most ke vztahům. Podpora neúplné rodiny. — Zdroj: Vágnerová STR.87; Thorová ⚠️","pripad2 speciální pedagogika osob s PAS terapie-pracovat-na"
"Případ 2: jak vyložit komplikovaný porod, opožděný psychomotorický vývoj a běžnou ZŠ?","Komplikovaný porod + opožděný psychomotorický vývoj = možný perinatální rizikový faktor na pozadí vrozené poruchy. Běžnou ZŠ zvládá, protože intelekt a řeč jsou v normě (vysokofunkční PAS) — potřebuje ale podporu v sociálních situacích a prevenci šikany. — Zdroj: Vágnerová STR.84, 87","pripad2 speciální pedagogika osob s PAS kontext-pripadu"
"Případ 2: s kým / čím propojit (organizace, odborníci v ČR)?","NAUTIS (dříve APLA) — diagnostika a nácvik sociálních dovedností. SPC pro PAS — IVP, asistent pedagoga v běžné ZŠ. Klinický psycholog / dětský psychiatr (komorbidní úzkost). Sociální odbor (podpora neúplné rodiny). — Zdroj: bibliografie.md ⚠️ ověřit aktuálnost","pripad2 organizace propojeni"
"Co je ADHD (syndrom hyperaktivity) a jaká je jeho příčina?","Porucha aktivační úrovně, často kombinovaná s poruchami pozornosti (ADHD = attention deficit hyperactivity disorder). Příčinou je nejčastěji odchylka funkce CNS; v ČR uváděna jako symptom LMD (lehké mozkové dysfunkce). Postihuje 5–10 % populace, převážně chlapce. NENÍ to porucha inteligence ani nevychovanost. — Zdroj: Vágnerová kap.7.2, STR.43","pripad3 hyperaktivita/ADHD definice"
"Tři jádrové složky ADHD?","1) HYPERAKTIVITA – nadměrné, neúčelné nutkání k pohybu, dítě ho neovládá (rušivost). 2) IMPULZIVITA – reakce bez rozmyšlení, neodhadne následky, nedovede počkat. 3) PORUCHA POZORNOSTI – slabé soustředění, „vázanost na podněty“ (Matějček), nesystematičnost. + hyperexcitabilita (emoční dráždivost, výkyvy). — Zdroj: Vágnerová STR.43–44","pripad3 hyperaktivita/ADHD klasifikace"
"Kdy se ADHD nejvíc projevuje a jak dlouho potíže trvají?","Projevuje se obyčejně už v předškolním věku, NEJNÁPADNĚJŠÍ bývá mezi 8.–10. rokem (přesně věk chlapce z případu 3). Na ADHD usuzujeme, pokud první potíže byly už v předškolním věku a přetrvávají déle než 6 měsíců. Potíže nemizí ani v dospělosti. — Zdroj: Vágnerová STR.43, 45","pripad3 hyperaktivita/ADHD projevy"
"Jak se ADHD projevuje ve škole?","90 % dětí s ADHD má problémy ve škole. Pracují povrchně, s chybami, úkol často nedokončí, výkon KOLÍSÁ (jednou úkol zvládne, podruhé bez důvodu nadělá chyby). Učitelé to mylně považují za nedostatek snahy a nevychovanost, ne za projev poruchy funkce CNS, kterou dítě neovládá. — Zdroj: Vágnerová STR.45","pripad3 hyperaktivita/ADHD projevy"
"Případ 3: jak vyložit zadrhávání v řeči a poruchu jemné motoriky?","Komorbidity ADHD na společném NEUROVÝVOJOVÉM základě. Koktavost (balbuties) = narušení plynulosti řeči (opakování/protahování hlásek, bloky), v napětí se zhoršuje – logopedie (Lechta). Porucha koordinace/jemné motoriky = dyspraxie („nešikovnost“, obtížné psaní/sebeobsluha) – ergoterapie, grafomotorika (Jucovičová/Žáčková). — Zdroj: Vágnerová STR.43 (rámec); Lechta, Jucovičová/Žáčková ⚠️","pripad3 logopedie kontext-pripadu"
"KLÍČOVÉ ODLIŠENÍ: ADHD (případ 3) × porucha chování (případ 11)?","ADHD: dítě chování NEDOKÁŽE ovládat – jde o poruchu funkce CNS (aktivace + pozornost), ne o vzdor. Porucha chování: dítě normy CHÁPE, ale neakceptuje je nebo se jimi nedokáže řídit (jiná hodnotová hierarchie / postoj). Prolínají se (ADHD zvyšuje riziko poruch chování), ale NEJSOU totéž. — Zdroj: Vágnerová STR.44; kap.20 STR.149","pripad3 hyperaktivita/ADHD diferenciace"
"ADHD (případ 3) – čeho se VYVAROVAT?","Nevykládat projevy jako lenost/nevychovanost (je to CNS, dítě to neovládá). Nepřetěžovat dlouhými úkoly (rychlé přesycení a únava). Nezahrnovat nadměrnou kritikou (sekundární zátěž → fixuje negativní sebepojetí). U koktavosti NETLAČIT, nedokončovat slova, nespěchat (tlak zadrhávání zhoršuje). Nesrovnávat se sestrou/vrstevníky. — Zdroj: Vágnerová STR.44–45; Lechta ⚠️","pripad3 hyperaktivita/ADHD terapie-vyvarovat-se"
"ADHD (případ 3) – na čem PRACOVAT?","Strukturované, předvídatelné prostředí, jasná pravidla, kratší úkoly s pohybovými pauzami. Asistent pedagoga (udržení pozornosti, dokončování úkolů). Pozitivní zpětná vazba a ocenění (chrání sebepojetí). Logopedie na koktavost (klidné tempo, technika řeči). Nácvik jemné motoriky/grafomotoriky. Spolupráce s rodinou (matka dohlíží na přípravu). — Zdroj: Vágnerová STR.44–45; Jucovičová/Žáčková, Lechta ⚠️","pripad3 hyperaktivita/ADHD terapie-pracovat-na"
"Případ 3: s kým / čím propojit (organizace, odborníci v ČR)?","PPP (diagnostika ADHD/SPU, podpůrná opatření, IVP), SPC (podpora ve vzdělávání, asistent pedagoga), klinický logoped (koktavost), dětský psychiatr/neurolog (dg. ADHD, případná medikace), ergoterapeut/fyzioterapeut (koordinace, jemná motorika). — Zdroj: bibliografie.md ⚠️ ověřit aktuálnost","pripad3 organizace organizace"
"Co je demence a v čem je klíčový rozdíl oproti mentální retardaci?","Demence = syndrom úbytku komplexu kognitivních funkcí (hlavně inteligence a paměti) — ZTRÁTA již rozvinutých funkcí. Je to ZÍSKANÉ postižení (vzniká po dosažení určitého stupně vývoje, dg. až po 2. roce života) na organickém podkladě CNS. MR je naopak VROZENÁ od počátku vývoje. Demence postihuje ~5 % populace nad 65 let. — Zdroj: Vágnerová kap.9, STR.72","pripad4 gerontopedie definice-diferenciace"
"Typy demencí podle Vágnerové?","1) Atroficko-degenerativní (Alzheimerova choroba) — nejčastější, plíživý začátek. 2) Ischemicko-vaskulární (dříve arteriosklerotická) — patologie mozkových cév, mozkové infarkty, náhlý/stupňovitý průběh. 3) Symptomatické/sekundární (infekce, úraz, otrava). + smíšená (degenerativní + cévní). — Zdroj: Vágnerová STR.73; Pidrman ⚠️","pripad4 gerontopedie typy-klasifikace"
"Případ 4: proč pravděpodobně ischemicko-vaskulární demence?","Žena 70 let s HYPERTENZÍ — vysoký krevní tlak je rizikový faktor patologie mozkových cév a mozkových infarktů. Cévní demence začíná obvykle po 60. roce, často náhle po cévní mozkové příhodě, průběh je stupňovitý (kolísavý). Odlišit od plíživého začátku Alzheimerovy choroby. — Zdroj: Vágnerová STR.74","pripad4 gerontopedie kontext-pripadu"
"Obecná diagnostická kritéria / projevy demence?","Úbytek paměti (nejdřív učení novému, pak i staré vzpomínky), úbytek dalších kognitivních funkcí (bradypsychismus, ztráta logiky a plánování), poruchy vnímání (gnostické), apraxie (neumí užít nástroj), poruchy řeči (afázie, ulpívání), poruchy emotivity, poruchy motivace (apaticko-abulický sy), poruchy spánku. Postupně dezorientace a degradace osobnosti. — Zdroj: Vágnerová STR.72–73","pripad4 gerontopedie projevy"
"Případ 4: obtížná orientace v prostoru — jak to vyložit?","Porucha orientace v prostoru je KOGNITIVNÍ příznak demence (souvisí s úpadkem paměti) — nemocný bloudí i ve známém prostředí, neví kde je. NENÍ to neochota. Nový pobyt v domově pro seniory (změna prostředí) dezorientaci ZHORŠUJE. Pomoc: stabilní známé prostředí + orientační opory (značení, hodiny, kalendář). — Zdroj: Vágnerová STR.73, 75","pripad4 gerontopedie kontext-pripadu"
"Hlavní příčina (etiologie) demence — bio/psycho/sociál?","BIO = hlavní: organické poškození CNS (cévní poškození mozku / neurodegenerace; u případu 4 hypertenze → cévní infarkty). PSYCHO a SOCIÁL = modifikátory průběhu (změna prostředí, ztráta opor zhoršují dezorientaci). SPIRITUÁL ⚠️ = jen rozměr důstojnosti a péče, NE etiologie. — Zdroj: Vágnerová STR.72–74","pripad4 gerontopedie etiologie"
"Demence — čeho se VYVAROVAT v péči?","Nepřetěžovat (nadměrný požadavek spouští výbuchy). Zbytečně neměnit prostředí, režim a personál (zhoršuje dezorientaci). Neargumentovat logikou a nevyvracet nesmyslné nápady silou. Neredukovat návštěvy blízkých ('stejně nás nepozná'). Nepřičítat vinu nemocnému za jeho chování. — Zdroj: Vágnerová STR.74–76","pripad4 gerontopedie terapie-vyvarovat-se"
"Demence — na čem PRACOVAT v péči?","Stabilní, známé a bezpečné prostředí + pravidelný režim a stereotyp. Orientační opory (značení, hodiny, jmenovky). Návštěvy známých lidí (působí podpůrně i v ústavu). U případu 4: léčba hypertenze a prevence dalších CMP (zdravotnictví). Přiměřená aktivizace pro pocit užitečnosti proti apatii a depresi. — Zdroj: Vágnerová STR.74–76; Jirák/Holmerová ⚠️","pripad4 gerontopedie terapie-pracovat-na"
"Případ 4: s kým / čím propojit (organizace, odborníci v ČR)?","Domov pro seniory / domov se zvláštním režimem, neurolog/geriatr (dg. typu demence, léčba hypertenze, prevence CMP), praktický lékař (sledování TK), Česká alzheimerovská společnost (ČALS), sociální odbor / příspěvek na péči. ⚠️ ověřit aktuálnost. — Zdroj: bibliografie.md ⚠️ ověřit","pripad4 organizace propojeni"
"Co je afázie a v čem se liší od vrozené vady řeči?","Afázie = ZÍSKANÁ ztráta již rozvinuté schopnosti verbálního vyjadřování a/nebo porozumění řeči po poškození mozku (zde po CMP). Vágnerová ji řadí mezi fatické poruchy (poruchy řeči) při poškození mozku. Na rozdíl od vrozené vady řeči u MR jde o ztrátu dříve fungující řeči. — Zdroj: Vágnerová kap.7.4, STR.49","pripad5 logopedie definice"
"Typy afázie (orientačně)?","Motorická (expresivní, „Brocova"") — vázne tvorba/plynulost řeči, porozumění zachováno. Senzorická (receptivní, „Wernickeova"") — narušeno porozumění, mluví plynně s chybami. Globální (totální) — vázne tvorba i porozumění. Konkrétní typ určuje logoped/neurolog dle lokalizace. — Zdroj: Vágnerová STR.47,49; Neubauer ⚠️","pripad5 logopedie typy-klasifikace"
"Jak se projevuje stav po poškození mozku (kromě afázie)?","Poruchy kognice (pozornost = typický znak, paměť, zpracování informací, zpomalení a snížená pružnost myšlení). Emoce: útlum/apatie nebo dráždivost a labilita; úzkost a deprese jako reakce na uvědomovanou ztrátu. Chování: snížená odolnost k zátěži, unavitelnost, ulpívání. Největší zlepšení v prvních 6 měsících. — Zdroj: Vágnerová STR.49–50","pripad5 somatopedie projevy"
"Etiologie afázie u případu 5 — bio/psycho/sociál?","BIO = hlavní: získané poškození mozkové tkáně po CMP (lokalizace v Brocově oblasti postihuje verbální projev). PSYCHO = modifikátor: emoční změna, deprese/úzkost jako reakce na ztrátu. SOCIÁL = modifikátor: získané postižení v dospělosti → nová identita, vliv rodiny. SPIRITUÁL ⚠️ = jen rozměr trpělivosti a péče, ne etiologie. — Zdroj: Vágnerová STR.47–50,53–54","pripad5 somatopedie etiologie"
"Případ 5: proč se muž vyhýbá komunikaci? (klíčové odlišení)","Vyhýbání je DŮSLEDEK afázie + psychická reakce (únik z frustrující, namáhavé situace mluvení) — NE neochota nebo nezájem. Pozor odlišit: afázie ≠ demence (afázie postihuje jednu funkci, intelekt může být zachován), afázie ≠ deprese (u afázie selhává sám jazykový aparát, i kdyby chtěl, vázne to). — Zdroj: Vágnerová STR.49,53","pripad5 logopedie diferenciace-kontext-pripadu"
"Afázie po CMP — čeho se VYVAROVAT?","Nespěchat a netlačit na rychlou odpověď (zvyšuje napětí a únik). Nepřetěžovat (snížená odolnost, unavitelnost). Nevykládat mlčení jako „neochotu"" či „nezájem"". Nemluvit na člověka jako na nesvéprávného (zachovaný intelekt respektovat). Nevzdat komunikaci úplně (rezignace prohlubuje izolaci). — Zdroj: Vágnerová STR.49–50,53","pripad5 logopedie terapie-vyvarovat-se"
"Afázie po CMP — na čem PRACOVAT?","Logopedická reedukace afázie. AAK (obrázkové karty, komunikační tabulky, gesta) jako most, dokud se řeč obnovuje. Trpělivost a čas, krátké jednoznačné věty, ověřovat porozumění. Včasná soustavná neurorehabilitace (největší zlepšení v prvních 6 měsících). Podpora při depresi/úzkosti. Zapojení rodiny. — Zdroj: Vágnerová STR.49–50; Neubauer ⚠️","pripad5 logopedie terapie-pracovat-na"
"Případ 5: vrozené × získané a časové okno rehabilitace?","Afázie po CMP je ZÍSKANÁ ztráta dříve rozvinuté řeči (kontrast s vývojovou vadou u MR). Jako člověk se získaným postižením se stále považuje za součást normální společnosti. Časové okno: největší zlepšení v prvních 6 měsících po poranění → s reedukací nečekat. — Zdroj: Vágnerová STR.50,53–54","pripad5 somatopedie kontext-pripadu"
"Případ 5: s kým / čím propojit (organizace, odborníci v ČR)?","Klinický logoped (reedukace afázie, AAK), neurolog (léčba a prevence recidivy CMP), denní stacionář + fyzioterapie (komplexní rehabilitace), CEREBRUM (po poškození mozku), klinický psycholog (deprese, změna identity), sociální odbor / příspěvek na péči. ⚠️ ověřit aktuálnost. — Zdroj: bibliografie.md ⚠️ ověřit","pripad5 organizace propojeni"
"Co je epilepsie (definice dle Vágnerové)?","Vesměs chronické postižení mozkové tkáně, které se projevuje opakovanými záchvaty různého charakteru, spojenými se změnou v prožívání, chování a často s poruchami vědomí. Z psychologického hlediska je to symptomový komplex (heterogenní skupina) — neexistuje jeden typický osobnostní profil. Opakovanými záchvaty trpí ~0,5 % dospělých. — Zdroj: Vágnerová kap.7.3, STR.46","pripad6 somatopedie definice"
"Dělení epileptických záchvatů + malé × velké?","1) Generalizované — výboj se šíří po celém mozku, VŽDY porucha vědomí + motorická dysfunkce (sem patří grand mal = velký tonicko-klonický i absence/petit mal = „malé"" záchvaty). 2) Parciální (ložiskové) — vznikají v ohraničeném ložisku, porucha vědomí nebývá velká, příznaky dle lokalizace. Malý záchvat = absence/petit mal × velký = grand mal. — Zdroj: Vágnerová STR.46","pripad6 somatopedie klasifikace-typy"
"Jak se epilepsie projevuje (záchvaty + psychika)?","Opakované záchvaty (zde malé 3–4× týdně, nově grand mal). Po záchvatu únava, ospalost, někdy amnézie. Změny aktivační úrovně (dráždivost/hyperaktivita × útlum/bradypsychismus), zvýšená unavitelnost, nižší tolerance k zátěži, obtíže pozornosti a paměti, ulpívání myšlení. Možná dráždivost, labilita, výbušnost nebo mrzutá nálada. — Zdroj: Vágnerová STR.46–47","pripad6 somatopedie projevy"
"Etiologie epilepsie — bio/psycho/sociál?","BIO = hlavní: epileptická aktivita mozku (výboje); vrozená dispozice = základ + zevní vlivy; symptomatická epilepsie = důsledek jiného poškození mozku. Platí: čím dříve vznikla a čím častější záchvaty, tím větší riziko změn. PSYCHO = modifikátor (úzkost, bezmoc, deprese sekundárně). SOCIÁL = stigma. SPIRITUÁL ⚠️ = jen rozměr přijetí, ne etiologie. — Zdroj: Vágnerová STR.46–47","pripad6 somatopedie etiologie"
"Případ 6: co znamená přibývání záchvatů grand mal? (klíč)","Přibývající grand mal = signál ZHORŠOVÁNÍ → nutná úprava medikace a přehodnocení režimu, ne pasivní čekání (neléčená/nedostatečně kontrolovaná epilepsie se historicky zhoršovala). Vynechání léků podstatně zvyšuje riziko záchvatu a progresi nemoci. — Zdroj: Vágnerová STR.46,48","pripad6 somatopedie kontext-pripadu"
"Epilepsie × mentální retardace/demence — častá záměna?","Nemocní epilepsií mají VĚTŠINOU NORMÁLNÍ inteligenci — výraznější porucha rozumu je výjimka. Epileptická demence (úbytek inteligence) je vzácná, jen u závažné, dlouhotrvající epilepsie. Uzavřenost/deprese bývá SEKUNDÁRNÍ reakcí na nemoc a stigma, ne „povaha epileptika"". — Zdroj: Vágnerová STR.47","pripad6 somatopedie diferenciace"
"Epilepsie — čeho se VYVAROVAT v péči?","Nevynechávat léky (vynechání zvyšuje riziko záchvatu a progresi). Nepřetěžovat (snížená tolerance, unavitelnost; přetížení a spánkový deficit provokují záchvaty). Nepřičítat negativní vlastnosti a vinu (stigma neurotizuje). Nepodporovat izolaci, ale ani nezlehčovat zhoršování (grand mal). Nezaměnit ulpívání za „neochotu"". — Zdroj: Vágnerová STR.46–48","pripad6 somatopedie terapie-vyvarovat-se"
"Epilepsie — na čem PRACOVAT v péči?","Spolehlivá medikace + její úprava při zhoršování. Životospráva (pravidelný spánek, vyhýbání spouštěčům) a bezpečné prostředí (riziko úrazu při grand mal). Přiměřená zátěž s ohledem na unavitelnost. Psychická podpora (úzkost ze záchvatu, prevence deprese, destigmatizace). Edukace okolí (první pomoc při záchvatu). — Zdroj: Vágnerová STR.46–48; Pipeková ⚠️","pripad6 somatopedie terapie-pracovat-na"
"Případ 6: s kým / čím propojit (organizace, odborníci v ČR)?","Neurolog / epileptolog (dg., nastavení a úprava antiepileptické medikace), Společnost „E"" / EpiStop (osvěta, destigmatizace), klinický psycholog (úzkost, deprese), praktický lékař, sociální odbor / zaměstnavatel (úprava podmínek, bezpečnost). ⚠️ ověřit aktuálnost. — Zdroj: bibliografie.md ⚠️ ověřit","pripad6 organizace propojeni"
"Jaký je nejzávažnější handicap sluchového postižení a klíčová hranice?","Nejzávažnějším sekundárním handicapem je KOMUNIKAČNÍ BARIÉRA (porucha rozvoje mluvené řeči — porozumění i aktivní projev). Hranice přijatelné sluchové funkce nezbytné pro osvojení mluvené řeči je v pásmu STŘEDNĚ TĚŽKÉ NEDOSLÝCHAVOSTI (60–70 dB). Sluchové postižení vede k podnětové deprivaci. — Zdroj: Vágnerová kap.8.5, STR.67","pripad7 surdopedie definice"
"Jaké dva jazykové systémy mohou sluchově postižení užívat?","1) Znakový jazyk — využívá zrakové vnímání, má vlastní gramatiku (jiný slovosled, neskloňuje), výhodný hlavně pro prelingválně postižené, ale činí z nich minoritu. 2) Artikulovaná (orální) řeč — využívá zbytky sluchu a odezírání; výuka je velmi obtížná. Důležité: prelingvální (před osvojením řeči) × postlingvální (po něm) vada. — Zdroj: Vágnerová STR.67–68","pripad7 surdopedie klasifikace-komunikace"
"Jak se sluchové postižení projevuje v řeči a poznávání?","Omezená slovní zásoba, nepřesné používání a záměny slov, hlavně potíže s významem slov v kontextu. Gramatika: nesprávné tvary, nedodržení slovosledu, zjednodušený projev. Čtení/psaní: mechanické čtení bez pochopení smyslu. Myšlení vázané na konkrétní realitu (obtížná abstrakce). Nutná zvýšená koncentrace → únava. — Zdroj: Vágnerová STR.68–69","pripad7 surdopedie projevy"
"Etiologie u případu 7 — bio/psycho/sociál?","BIO = hlavní: porucha sluchového analyzátoru → podnětová deprivace, omezený přísun řečových podnětů → chudá slovní zásoba. PSYCHO = modifikátor: komunikace je trvalý stres (zvýšená koncentrace, nejistota) → úzkost, zkratkovité reakce. SOCIÁL = modifikátor: nepříznivé reakce okolí, izolace. SPIRITUÁL ⚠️ = respekt k odlišné komunikaci, ne etiologie. — Zdroj: Vágnerová STR.67–69","pripad7 surdopedie etiologie"
"Případ 7: NEJDŮLEŽITĚJŠÍ odlišení — chudá slovní zásoba?","Chudá slovní zásoba a neznalost pojmů jsou DŮSLEDKEM sluchové vady (vázne přísun a kontrola řeči), NE projevem mentální retardace! Intelekt je v normě. U MR je postižena celá kognice; zde je problém jen přístup k jazyku. Také odlišit od vývojové dysfázie (porucha řeči při zachovaném sluchu). — Zdroj: Vágnerová STR.67–68","pripad7 surdopedie diferenciace-kontext-pripadu"
"Surdopedie — čeho se VYVAROVAT?","Nezaměňovat chudou slovní zásobu za sníženou inteligenci (nesnižovat nároky „jako u MR""). Nemluvit zády/rychle/bez zrakového kontaktu (znemožní odezírání). Nespěchat a neopakovat stejnými dlouhými větami (radši přeformulovat krátce). Nevykládat impulzivní reakce jako „drzost"" (je to nezvládnutá zátěž). Nenechat dítě izolované bez podpory. — Zdroj: Vágnerová STR.67–69","pripad7 surdopedie terapie-vyvarovat-se"
"Surdopedie — na čem PRACOVAT?","Cílený rozvoj slovní zásoby a významů slov (vč. významu v kontextu). Vizuální komunikace — zrakový kontakt, odezírání, podpora obrázky/textem, dle potřeby znakový jazyk. Pravidla pro slyšící: pomalá zřetelná artikulace, čelem k dítěti, krátké jednoznačné věty, ověřovat porozumění. Sluchadla / kochleární implantát. Asistentka + IVP se SPC. — Zdroj: Vágnerová STR.68; Horáková ⚠️","pripad7 surdopedie terapie-pracovat-na"
"Případ 7: jak číst impulzivní reakce a roli komunikace?","Pro sluchově postiženého je i běžná komunikace STRESEM (nutnost zvýšené koncentrace, nejistota v porozumění). Napětí zvyšuje úzkost a sklon k afektivním/zkratkovým reakcím — výraz nezvládnuté zátěžové situace, ne „zlobení"". Mimika a pantomimika jsou pro něj důležitým komunikačním kanálem. — Zdroj: Vágnerová STR.68–69","pripad7 surdopedie kontext-pripadu"
"Případ 7: s kým / čím propojit (organizace, odborníci v ČR)?","SPC pro sluchově postižené (už v péči — dg., IVP, asistent pedagoga), foniatr/audiolog (sluchadla, kochleární implantát), klinický logoped/surdoped (rozvoj řeči), Centrum pro dětský sluch Tamtam (raná péče, poradenství), Česká unie neslyšících / SNN ČR (komunita, znakový jazyk). ⚠️ ověřit aktuálnost. — Zdroj: bibliografie.md ⚠️ ověřit","pripad7 organizace propojeni"
"Co je dětská mozková obrna (DMO) a jaká je její hlavní příčina?","VROZENÉ (resp. raně získané) postižení s hlavním příznakem poruchy MOTORIKY — postižení volních pohybů. Příčinou je prenatální, perinatální nebo postnatální poškození CNS, které se projeví do 5. roku života (např. asfyxie). Postihuje 0,1–2 % dětí. Bývá často kombinována s dalšími poruchami (zrak, sluch, řeč, intelekt, epilepsie). — Zdroj: Vágnerová kap.7.1, STR.41","pripad8 somatopedie definice"
"Formy DMO a co je kvadruparéza?","Spastická/hypertonická (70 %, zvýšené napětí) · hypotonická (přechodná) · atetoidní/dyskinetická (~20 %, mimovolní kroutivé pohyby) · mozečková (~10 %, porucha koordinace). Kvadruparéza/kvadruplegie = postižení VŠECH ČTYŘ končetin; bývá postižena i hybnost mluvidel (→ dysartrie) a častěji kombinována s poruchou inteligence. — Zdroj: Vágnerová STR.41","pripad8 somatopedie formy"
"Jak se DMO projevuje (motorika, řeč, emoce)?","Motorika: postižení volních pohybů, u kvadruparézy všechny končetiny → vozík. Řeč: dysartrie (postižení mluvidel). Pozornost ulpívavá, nevýběrová, snadná unavitelnost. Emoce se promítají do motoriky (ztuhnutí, více záškubů), bývají infantilnější, labilnější. Inteligence porušena ve 30–50 % — ale NE vždy. — Zdroj: Vágnerová STR.41–43","pripad8 somatopedie projevy"
"DMO jako VROZENÉ postižení — co z toho plyne (× získané)?","Vrozené postižení ovlivňuje VÍCE celý vývoj jedince, ALE subjektivně není tak traumatizující — dítě je na omezení zvyklé od dětství, neumí si představit život bez něj. Naproti tomu později získané postižení (úraz, případ 14) = větší psychické trauma, protože člověk ví, co ztratil. — Zdroj: Vágnerová STR.57","pripad8 somatopedie etiologie-vrozene-ziskane"
"Případ 8: proč je chybou hodnotit dívku s DMO jako mentálně retardovanou?","TĚLESNÉ POSTIŽENÍ ≠ SNÍŽENÝ INTELEKT. Nápadný vzhled, vozík a dysartrie (těžko srozumitelná řeč) budí u laiků dojem mentálního defektu, přestože inteligence u DMO nemusí být poškozena (často není, někdy je i nadprůměrná). Pohybově postižení mohou při zachovaném intelektu dosahovat dobrých studijních výsledků. — Zdroj: Vágnerová STR.42–43, 70","pripad8 somatopedie diferenciace"
"Terapie DMO (případ 8) — čeho se VYVAROVAT?","Nepodceňovat intelekt kvůli vzhledu/dysartrii. Nepodporovat hyperprotektivitu a vynucenou nesamostatnost (udržuje pasivitu a závislost). Nepřetěžovat tak, že napětí zvyšuje spasticitu a mimovolní záškuby. Neizolovat. Nezužovat výchovu jen na zdraví a školní úspěch (chyba „Dáši“ u Vágnerové). — Zdroj: Vágnerová STR.42, 70","pripad8 somatopedie terapie-vyvarovat-se"
"Terapie DMO (případ 8) — na čem PRACOVAT?","Soběstačnost a lokomoce (kompenzační pomůcky, elektrický vozík, nácvik sebeobsluhy — samostatnost = pokrok i v poznávání). Logopedie na dysartrii, příp. AAK. Vzdělávání přiměřené intelektu. Podpora tělesného sebepojetí a identity v adolescenci. Práce s rodinou — vyvážit péči a osamostatňování. — Zdroj: Vágnerová STR.41–42, 70","pripad8 somatopedie terapie-pracovat-na"
"Případ 8: jak vyložit elektrický vozík a rodinnou situaci (matka + otčím, otec telefonicky)?","Elektrický vozík = kompenzace lokomoce u spastické kvadruparézy → osvobozuje z vazby na prostor a snižuje závislost na druhých. Klíčová je soběstačnost (lokomoce + sebeobsluha). Rodina je zdrojem citového zázemí v adolescenci; podporovat i kontakt s biologickým otcem a vyvažovat péči s osamostatňováním. — Zdroj: Vágnerová STR.42, 70","pripad8 somatopedie kontext-pripadu"
"Případ 8: s kým / čím propojit (organizace, odborníci v ČR)?","SPC pro tělesné postižení (IVP, asistent pedagoga). Fyzioterapeut/ergoterapeut (rehabilitace, polohování, pomůcky). Klinický logoped (dysartrie, AAK). CEREBRUM, Liga vozíčkářů (poradenství, pomůcky). Sociální odbor / příspěvek na péči (dávky, financování vozíku). — Zdroj: bibliografie.md ⚠️ ověřit aktuálnost","pripad8 organizace propojeni"
"Co je Downův syndrom a jaký stupeň MR způsobuje?","Nejčastější MR z chromozomální odchylky = TRIZOMIE 21. chromozomu (změna počtu chromozomů). Typický habitus (na první pohled tělesně odlišní). Mentální defekt bývá rovnoměrnější, na HRANICI LEHČÍHO AŽ STŘEDNĚ TĚŽKÉHO stupně. Down = etiologie, ne samostatný kód MKN. — Zdroj: Vágnerová STR.79, 11","pripad9 psychopedie definice"
"Downův syndrom — typický habitus a somatické znaky?","Epikantus (zešikmení očních štěrbin), malý knoflíkovitý nos, velký jazyk, krátké ruce a nohy. Časté bývají vrozené srdeční vady → nutná pediatrická/kardiologická péče (ovlivňuje i učení a řeč). — Zdroj: Vágnerová STR.11","pripad9 psychopedie somatika-habitus"
"Jaké jsou typické psychické a behaviorální projevy u Downova syndromu?","Klidní až bradypsychičtí (zpomalené tempo), těžkopádní a ulpívaví, ALE emocionálně dobře ladění a přizpůsobiví, bez větších výkyvů v chování. Učí se sice pomalu, ale dovedou své schopnosti využít. V dospělosti pracují pod dohledem a vedením. — Zdroj: Vágnerová STR.79","pripad9 psychopedie projevy"
"Downův syndrom — odkud bere dítě geny, jsou rodiče postižení?","Většina dětí s Downovým syndromem má ZDRAVÉ rodiče — nejde o klasickou rodinnou dědičnost, ale o chromozomální aberaci (nadbytečný 21. chromozom) u dítěte. Rodinné prostředí proto bývá dostatečně, občas až nadměrně stimulující. — Zdroj: Vágnerová STR.79, 78","pripad9 psychopedie etiologie"
"Downův syndrom × demence × pseudooligofrenie — jak odlišit?","Down/MR = VROZENÁ (trizomie 21), CNS narušena, rozvoj pomalý ale využitelný. Demence = ZÍSKANÝ úbytek dříve normálního rozumu (zhoršuje se). Pseudooligofrenie = ze zanedbanosti, CNS bez narušení, zlepšitelná v lepším prostředí (NENÍ MR). — Zdroj: Vágnerová STR.77, 78","pripad9 psychopedie diferenciace"
"Down (případ 9) — čeho se ve škole VYVAROVAT?","Nepřetěžovat (nesrozumitelné nároky = stres → obranné reakce). Nevyžadovat samostatnou práci bez dohledu — dítě ji nezvládne; respektovat zpomalené tempo. Nepoužívat ironii/metafory/složité instrukce. Nepřeceňovat dítě jen kvůli příznivému temperamentu. Nezanedbat somatiku (srdce, sluch, zrak). — Zdroj: Vágnerová STR.79, 80, 11","pripad9 psychopedie terapie-vyvarovat-se"
"Down (případ 9) — na čem ve škole PRACOVAT?","Klidné, stabilní, srozumitelné prostředí + stereotyp a režim. Stálý dohled a vedení, krátké jasné kroky, IVP/asistent. Citová jistota (vztah s pečující osobou = motivace). Trpělivý nácvik dovedností (schopnosti dovede využít). Pozitivní hodnocení/pochvala. Logopedie + AAK na vývoj řeči. — Zdroj: Vágnerová STR.79, 81, 82–83","pripad9 psychopedie terapie-pracovat-na"
"Případ 9: jak vyložit „opožděný vývoj řeči"" a „nepracuje samostatně, potřebuje stálý dohled""?","Opožděný vývoj řeči = řeč postižena povahou MR (agramatismy, krátké věty, chudá slovní zásoba) i tělesně (velký jazyk, koordinace mluvidel) → logopedie + AAK. „Stálý dohled"" odpovídá tomu, že lidé s Downem pracují pod dohledem a vedením — není to trest, samostatnost se rozvíjí postupně. — Zdroj: Vágnerová STR.79, 80","pripad9 psychopedie kontext-pripadu"
"Případ 9: s kým / čím propojit (organizace, odborníci v ČR)?","SPC (diagnostika, IVP), ZŠ speciální, klinický logoped (vývoj řeči + AAK), pediatr/genetika/kardiologie (trizomie, srdeční vady), SPMP ČR (podpora rodin), sociální odbor (příspěvek na péči). — Zdroj: bibliografie.md ⚠️ ověřit aktuálnost","pripad9 organizace propojeni"
"Co jsou poruchy příjmu potravy (PPP) a s čím jsou spojeny?","Porucha POSTOJE (rozumového i emočního vztahu) k jídlu a z toho vyplývající odchylka v chování. Bývají spojeny i s poruchou postoje k vlastnímu tělu — deformací TĚLOVÉHO SCHÉMATU (proporcí, hmotnosti). Postižení jsou nápadně koncentrováni na tělo (negativní vztah) i na jídlo (vztah až obsedantně-kompulzivní). — Zdroj: Vágnerová kap.16, STR.120–121","pripad10 psychologie/psychiatrie definice"
"Co je tělové schéma a jak je u PPP narušené?","Tělové schéma = představa o vlastním těle; není jen mentálním obrazem, ale zahrnuje i HODNOTÍCÍ složku a postoj. Tělo se může jevit jinak, než jaké skutečně je (subjektivní zkreslení). U PPP je vnímání narušené — dívky jsou bez ohledu na vyhublost přesvědčené, že jsou „tlusté"". Jádro poruchy je postoj k tělu, ne porucha vnímání obecně. — Zdroj: Vágnerová STR.120, 122","pripad10 psychologie/psychiatrie klicovy-pojem"
"Mentální anorexie (F50.0) × mentální bulimie (F50.2) — jádrové odlišení?","ANOREXIE: patologický strach ze ztloustnutí + ODMÍTÁNÍ potravy, úbytek o 15 % proti normě, silná vůle/perfekcionismus (zvládne hladovět), riziko ŽIVOT OHROŽUJÍCÍ (~5 % umírá). BULIMIE: neodolatelná touha → záchvaty PŘEJÍDÁNÍ, váha blízká normě, IMPULZIVITA a ztráta kontroly → zvracení/projímadla, pak vina a stud. Mohou se prolínat (30–50 % anorektiček má i záchvaty přejídání). — Zdroj: Vágnerová STR.122, 124","pripad10 psychologie/psychiatrie klasifikace-diferenciace"
"Jaké jsou příčiny PPP a která osa je primární?","Multifaktoriální — interakce DISPOZICE se zátěžovými vlivy. Na rozdíl od ADHD (případ 3) NEJSOU primární biologické příčiny. BIO = jen dispozice (genetika, hormonální změny dospívání). PRIMÁRNÍ jsou PSYCHO (perfekcionismus, nízké sebevědomí, asketický obranný mechanismus, vyhnutí ženské roli) a SOCIÁL (sociokulturní ideál štíhlosti, rodina zaměřená na výkon, vztah s matkou). — Zdroj: Vágnerová STR.121, 123–124","pripad10 psychologie/psychiatrie etiologie"
"Jsou PPP vrozené, nebo získané, a kdy je rizikové období?","PPP NEJSOU vrozená porucha — jde o ZÍSKANOU psychickou poruchu na podkladě dispozice + psychosociální zátěže. Rizikové období je DOSPÍVÁNÍ (emancipace od rodiny, přijetí ženské role). Vyvolávajícím podnětem je zátěž, s níž se dospívající nedokáže vyrovnat (změna školy, vztahy). Sedí na případ: dívka 19 let, problémy ve studiu i v soukromí. — Zdroj: Vágnerová STR.124","pripad10 psychologie/psychiatrie etiologie"
"Jak se PPP projevuje (vztah k tělu, jídlu, somatika)?","Vztah k TĚLU: nevyvratitelné „jsem tlustá"" i při vyhublosti, tělo jako cizí objekt na obtíž. Vztah k JÍDLU: obsedantně-kompulzivní rituály (počítání kalorií, skrývání potravy). Anorexie: hladovění jako „úkol"", nadměrné cvičení, LHANÍ a popírání potíží. Bulimie: tajné záchvaty + zvracení, pocity viny a studu. SOMATIKA: ztráta menstruace, snížená imunita, v krajním případě ohrožení života. — Zdroj: Vágnerová STR.121–125","pripad10 psychologie/psychiatrie projevy"
"Případ 10: jak vyložit roli matky, která „příliš nekomunikuje""?","Rizikový RODINNÝ činitel, ne okrajový detail. Vágnerová uvádí přímo případ „Šárka (14 let)"" — anorexie + problematický vztah s matkou, která zdůrazňuje obtížnost ženské role. Rodina zaměřená na výkon, rigidní vztahy a dysfunkční komunikace patří mezi primární sociální příčiny. Vztah s matkou (konflikt nezávislost × opora) je terčem rodinné terapie. — Zdroj: Vágnerová STR.123, 124","pripad10 psychologie/psychiatrie kontext-pripadu"
"PPP (případ 10) — čeho se VYVAROVAT?","NEBAGATELIZOVAT („je to hloupost/móda"") — je to nemoc. NEAPELOVAT jen na rozum a vůli (nepomáhá, plodí konflikty). Násilné krmení a zavrhování zhoršují rodinné klima. NECHVÁLIT hubnutí ani „pevnou vůli"" — schválení funguje jako posilující impulz poruchy. Nepodceňovat SOMATICKÉ riziko (může ohrozit život). — Zdroj: Vágnerová STR.123, 126","pripad10 psychologie/psychiatrie terapie-vyvarovat-se"
"PPP (případ 10) — na čem PRACOVAT a koho zapojit (ČR)?","Vedoucí: lékařská péče (psychiatrie + interna, somatická stabilizace, případně hospitalizace I PROTI VŮLI při ohrožení života) + psychoterapie (tělové schéma, sebehodnocení) + RODINNÁ terapie (komunikace s matkou) + nutriční obnova + podpora identity mimo „úkol štíhlosti"". Propojit: psychiatr ⚠️, psychoterapeut, nutriční terapeut ⚠️, Centrum Anabell ⚠️, internista, školní poradenství/PPP ⚠️. — Zdroj: Vágnerová STR.124, 126; Krch/Papežová ⚠️; bibliografie.md ⚠️","pripad10 organizace terapie-pracovat-na-propojeni"
"Co je porucha chování a jaké jsou její tři znaky?","Odchylka v oblasti SOCIALIZACE — jedinec není schopen respektovat normy chování na úrovni odpovídající jeho věku, event. svým rozumovým schopnostem. Znaky (dle DSM-IV): 1) chování NERESPEKTUJE sociální normy; 2) jedinec normy CHÁPE, ale neakceptuje je / nedokáže se jimi řídit; 3) typická je AGRESIVITA a NEPOCIŤUJE vinu (nerozvinuté svědomí). — Zdroj: Vágnerová kap.20, STR.149–150","pripad11 etopedie definice"
"KLÍČOVÉ vymezení: kdo NEMÁ poruchu chování?","O poruchu chování se NEJEDNÁ, pokud jedinec NENÍ SCHOPEN pochopit význam hodnot a norem — tj. mentálně retardovaní (případ 22) nebo lidé z jiného sociokulturního prostředí. Poruchu chování má jen ten, kdo normy CHÁPE, ale neakceptuje je nebo se jimi nedokáže řídit (jiná hodnotová hierarchie, jiné motivy, neschopnost ovládat chování). — Zdroj: Vágnerová STR.149–150","pripad11 etopedie diferenciace"
"Jak se dělí poruchy chování v dětském věku?","1) NEAGRESIVNÍ porušování sociálních norem — lži, útěky, toulání (mírnější). 2) AGRESIVNÍ poruchy chování — šikana, vandalismus, přepadávání (závažnější, protože porušují práva ostatních). Mezi typy není přesná hranice, mohou se kombinovat. O poruchách chování mluvíme obyčejně až ve STŘEDNÍM ŠKOLNÍM věku. — Zdroj: Vágnerová STR.153","pripad11 etopedie klasifikace"
"Případ 11: jak vyložit fyzické tresty od nevlastního otce (vztah k chování)?","Jde o syndrom TÝRANÉHO dítěte (CAN). KLÍČOVÉ: nevhodné chování dítěte je spíše DŮSLEDKEM týrání, NE jeho příčinou. Tělesné tresty a týrání jsou v anamnézách dětí s poruchami chování VELMI ČASTÉ. Riziko ohrožení je zvýšené v rodinách s narušenými vztahy (kritika, odmítání), kde se napětí řeší agresí — sedí na rozvod + nevlastní otec. — Zdroj: Vágnerová STR.150, 181","pripad11 etopedie kontext-pripadu"
"Co je identifikace s agresorem a role „špatného dítěte""?","Obranné mechanismy týraného dítěte. IDENTIFIKACE S AGRESOREM: dítě se začne chovat jako trýznitel (agresivně k ostatním, vyvolává konflikty) — přijetím role násilníka se zbaví pocitů bezmoci a strachu. ROLE „ŠPATNÉHO DÍTĚTE"": dítě přijme, že je trestáno oprávněně (negativní sebehodnocení), protože tak si přijatelně vysvětlí chování rodičů a uchrání iluzi rodinného zázemí. — Zdroj: Vágnerová STR.182","pripad11 etopedie klicovy-pojem"
"Jak se týrání projevuje ve škole a ve vztazích (případ 11)?","Nerespektování autority učitele (normy chápe, neakceptuje), agresivní a destruktivní tendence (identifikace s agresorem), NÍZKÁ FRUSTRAČNÍ TOLERANCE a afektivní výbuchy. GENERALIZOVANÁ nedůvěra — očekává ublížení i od neutrálních osob (učitel), špatně čte projevy lidí. Horší prospěch, než odpovídá schopnostem (chybí motivace a sebedůvěra). Vágnerová: případ Jirky a Pepíka. — Zdroj: Vágnerová STR.182–183","pripad11 etopedie projevy"
"KLÍČOVÉ ODLIŠENÍ: porucha chování (11) × ADHD (3) × MR (22) × „nevychovanost""?","PORUCHA CHOVÁNÍ: normy CHÁPE, ale neakceptuje/neřídí se (postoj, hodnoty). ADHD: porucha funkce CNS — chování NEDOKÁŽE ovládat, není to vzdor. MR: NECHÁPE význam norem (IQ < 70) → není to porucha chování. „NEVYCHOVANOST"": laický pojem, neodborné — nezohledňuje týrání jako příčinu. — Zdroj: Vágnerová STR.149–150; kap.7.2 STR.44","pripad11 etopedie diferenciace"
"Porucha chování na pozadí týrání (případ 11) — čeho se VYVAROVAT?","NEVYKLÁDAT chování jako „nevychovanost/zlobení"" — je to důsledek týrání. NEPOUŽÍVAT fyzické tresty ani tvrdou disciplínu (posilují agresi a model násilí). NEPŘEHLÍŽET týrání (ohlašovací povinnost) — jinak řešíme jen příznak. Nepotvrzovat negativní sebepojetí (kritika, ponižování). Neočekávat rychlou nápravu jen kázní — je třeba vztah a bezpečí. — Zdroj: Vágnerová STR.150, 182–183","pripad11 etopedie terapie-vyvarovat-se"
"Porucha chování na pozadí týrání (případ 11) — na čem PRACOVAT a koho zapojit (ČR)?","POŘADÍ: 1) zajistit BEZPEČÍ a ukončit týrání → 2) obnova základní DŮVĚRY a citového přijetí (kompenzační vztah k dospělému) → 3) zpracování traumatu (hra, kresba) → 4) nácvik zvládání afektů + jasná pravidla → 5) posílení sebehodnocení (proti roli „špatného dítěte""). Propojit: OSPOD ⚠️, SVP ⚠️, PPP ⚠️, dětský psycholog/psychoterapeut, Dětské krizové centrum ⚠️, Linka bezpečí ⚠️. — Zdroj: Vágnerová STR.182–183; Pipeková ⚠️; bibliografie.md ⚠️","pripad11 organizace terapie-pracovat-na-propojeni"
"Případ 12: co je kombinované (vícečetné) postižení a z čeho se zde skládá?","Kombinované postižení = souběh dvou a více postižení u jednoho člověka, vyžaduje koordinaci více oborů. Zde: DMO kvadruparéza (somatopedie) + dysartrie (logopedie) + strabismus/šilhání (oftalmopedie) + epilepsie (neurologie) + autistické projevy (psychopedie). Vágnerová: DMO bývá velmi často KOMBINOVANÁ s poruchami zraku, sluchu, řeči, rozumu a epileptickými záchvaty. — Zdroj: Vágnerová STR.41; Vítková ⚠️","pripad12 somatopedie definice"
"Případ 12: jaká je DMO forma a co z ní plyne?","Spastická (hypertonická) forma — KVADRUPARÉZA = postižení všech čtyř končetin (nejtěžší obraz, 70 % případů). U kvadruplegie bývá postižena i hybnost mluvidel → DYSARTRIE; častěji se kombinuje s poruchou inteligence. Spasticita = postižení centrálního motoneuronu. — Zdroj: Vágnerová STR.41","pripad12 somatopedie formy-typ"
"Případ 12 (KLÍČOVÉ): proč je tento případ hlavně o KOORDINACI oborů?","Jeden žák potřebuje současně somatopedii (DMO, vedoucí obor), logopedii (dysartrie), oftalmopedii (strabismus), neurologii (epilepsie) a psychopedii/psychologii (vývoj, autistické projevy). Klíčem NENÍ paralelní izolovaná péče, ale KOORDINACE týmu kolem jednoho společného plánu s vedoucím oborem somatopedie. — Zdroj: Vágnerová STR.41","pripad12 somatopedie diferenciace-jadro-pripadu"
"Jak se případ 12 projevuje (hlavní symptomy napříč složkami)?","Motorika: spastická kvadruparéza, závislost na okolí. Řeč: dysartrie (neobratná mluvidla, těžko srozumitelná řeč). Zrak: strabismus, porucha zrakového nervu/dysgnózie. Epilepsie: záchvaty s poruchou vědomí, poté únava/ospalost/amnézie. Pozornost a paměť oslabené (organické postižení). Citový prožitek se promítá do motoriky (ztuhnutí, záškuby). — Zdroj: Vágnerová STR.41–42, 46–47","pripad12 somatopedie projevy"
"Případ 12: mají všechny složky společnou příčinu (BPSS)?","ANO — BIO je hlavní a SPOLEČNÁ příčina: poškození CNS (prenatální/perinatální/postnatální do 5 let, např. asfyxie). Z téhož základu plyne motorika (kvadruparéza), mluvidla (dysartrie), zrakový nerv (strabismus) i častější epileptické záchvaty. Psychika a sociální prostředí jsou jen modifikátory, ne příčina. — Zdroj: Vágnerová STR.41","pripad12 somatopedie etiologie-bpss"
"Případ 12: jak odlišit „autistické projevy“ od primární PAS a tělesné od mentálního?","Autistické projevy u DMO mohou plynout z dysartrie, izolace a poškození CNS — NE automaticky diagnóza PAS (odlišit od případů 2, 16, 18, 21). Tělesné ≠ mentální: záškuby a nesrozumitelná řeč budí dojem mentálního defektu, ač inteligence u DMO i epilepsie NEBÝVÁ poškozena (epileptici mají většinou normální inteligenci). — Zdroj: Vágnerová STR.41–43, 47","pripad12 somatopedie diferenciace-pas-telesne-mentalni"
"VROZENÉ × získané u případu 12?","Celé kombinované postižení je VROZENÉ (raně získané) — chlapec je na ně zvyklý od dětství, neformuje ho náhlá ztráta jako úraz (kontrast případ 14 paraplegie = získané, větší psychické trauma). Vrozené postižení zato silně ovlivňuje celý vývoj. — Zdroj: Vágnerová STR.57","pripad12 somatopedie etiologie-vrozene-ziskane"
"Terapie (případ 12) — čeho se VYVAROVAT a na čem PRACOVAT?","VYVAROVAT: nepodcenit intelekt (dysartrie/záškuby ≠ mentální defekt); neoznačit unáhleně autistické projevy jako PAS; neřešit obory izolovaně; nevysazovat léky na epilepsii a nestigmatizovat; nezaměňovat útlum po záchvatu za lenost. PRACOVAT: koordinace týmu, AAK (alternativní komunikace), podpora samostatnosti, bezpečné prostředí pro epilepsii, strukturovaná speciální ZŠ. — Zdroj: Vágnerová STR.41–43, 46–47","pripad12 somatopedie terapie-vyvarovat-pracovat"
"Případ 12: s kým / čím propojit (organizace, odborníci v ČR)?","SPC pro tělesné postižení (koordinace vzdělávání). Soukromá speciální ZŠ (už navštěvuje) — individuální plán, pomůcky. Klinický logoped (dysartrie, AAK). Neurolog / epileptologická poradna (epilepsie). Oftalmolog a ortoptista (strabismus). Fyzioterapie, ergoterapie, psycholog (mobilita, soběstačnost, dif. dg. autistických projevů). — Zdroj: bibliografie.md ⚠️ ověřit aktuálnost","pripad12 organizace propojeni"
"Co způsobuje těžké zrakové postižení a jak se kompenzuje?","Vytváří situaci SENZORICKÉ DEPRIVACE — postižený nemůže přesně vnímat zrakové podněty. Chybějící zrakové informace musí nahrazovat jinak: KOMPENZACÍ ostatními smysly (sluch, hmat) a řečí. Pozor: lepší sluch/hmat NENÍ vrozené zvýhodnění — je to výsledek učení a zvýšené potřeby smysl užívat (hmat je nutné cvičit). — Zdroj: Vágnerová kap.8.4, STR.65–66","pripad13 tyflopedie definice"
"Které funkce zraku rozlišujeme a jak ovlivňují život?","Zraková ostrost (na dálku = orientace; na blízko = práce, čtení, sebeobsluha). Citlivost na osvětlení (mýtus „víc světla pomáhá"" — někteří mají světloplachost). Zorné pole (výpadky mění orientaci i pohled „do očí""). Barvocit (méně omezující). Praktická slepota = jen velmi malé, prakticky nevyužitelné zbytky zraku. — Zdroj: Vágnerová STR.65; Květoňová-Švecová ⚠️","pripad13 tyflopedie klasifikace-funkce-zraku"
"Jak zrakové postižení ovlivňuje poznávání a socializaci?","Lépe rozvinutý sluch, hmat a paměť (kompenzace). Rozvoj myšlení více spojen s řečí (kompenzační význam řeči); verbální inteligence NENÍ na zraku přímo závislá. Riziko verbalismu (pojmy bez reálného obsahu). Komunikace: chybí vizuální kontakt a čtení neverbálních signálů. Obtíže v orientaci → závislost a tendence k izolaci ve známém prostředí. — Zdroj: Vágnerová STR.66","pripad13 tyflopedie projevy"
"Etiologie u případu 13 — bio/psycho/sociál + dědičnost?","BIO = hlavní: poškození zrakového analyzátoru → senzorická deprivace. Možná dědičná dispozice (rodiče mají také zrakovou vadu, sestra ne → variabilita). PSYCHO = modifikátor (klíč): tendence k izolaci jako důsledek obtíží + obranný postojový stereotyp „nepřijímají mě"". SOCIÁL = ztížený kontakt (chybí zrakový kanál). SPIRITUÁL ⚠️ = rozměr přijetí, ne etiologie. — Zdroj: Vágnerová STR.53,65–66","pripad13 tyflopedie etiologie"
"Případ 13: NEJDŮLEŽITĚJŠÍ odlišení — proč se vyhýbá kontaktu?","„Domnívá se, že ji společnost nepřijímá, a tak se vyhýbá"" = PSYCHOLOGICKÝ DŮSLEDEK zrakové vady (obranný postojový stereotyp), NE primární porucha osobnosti ani sociální fobie. Paradox: zraková vada je společensky NEJMÉNĚ ODMÍTANÉ postižení → reálný prostor pro začlenění, který stereotyp vyvrací. Intelekt v normě (VŠ studentka). — Zdroj: Vágnerová STR.53,66–67","pripad13 tyflopedie diferenciace-kontext-pripadu"
"Tyflopedie — čeho se VYVAROVAT?","Nevykládat stažení jako poruchu osobnosti ani „nezájem"" (je to důsledek vady a obranný postoj). Nepodceňovat intelekt (je VŠ studentka, verbální inteligence nezávisí na zraku). Nepřebírat veškerou aktivitu / „nechat se vodit"" (posiluje závislost). Nespoléhat jen na slova bez obsahu (verbalismus). Nepřeceňovat „silnější světlo"" (světloplachost). — Zdroj: Vágnerová STR.53,65–66","pripad13 tyflopedie terapie-vyvarovat-se"
"Tyflopedie — na čem PRACOVAT?","Prostorová orientace a samostatný pohyb (hůl, trénink tras) → méně závislosti. Kompenzace — rozvoj hmatu a sluchu, Braillovo písmo, kompenzační pomůcky. Nácvik sociálních dovedností a komunikace s vidícími. Práce s postojovým stereotypem „nepřijímají mě"". Studijní podpora na VŠ (přístupné materiály, asistence). — Zdroj: Vágnerová STR.53–54,66; Květoňová-Švecová ⚠️","pripad13 tyflopedie terapie-pracovat-na"
"Případ 13: jak vyložit roli rodiny a sestry bez vady?","Rodiče mají také zrakovou vadu → možná dědičná/vrozená dispozice u některých zrakových vad; mladší sestra bez vady ukazuje variabilitu. Rodina se zkušeností se zrakovým postižením může být oporou. Vrozeně postižený je od počátku veden odlišně a chybí mu srovnání zdraví × nemoc, což ovlivňuje sebepojetí a očekávání vůči okolí. — Zdroj: Vágnerová STR.54","pripad13 tyflopedie kontext-pripadu"
"Případ 13: s kým / čím propojit (organizace, odborníci v ČR)?","Tyfloservis (nácvik prostorové orientace, sebeobsluhy), SONS ČR (poradenství, hájení zájmů), TyfloCentrum (sociální služby, pomůcky), středisko podpory studentů se SP na VŠ (přístupné materiály, asistence), klinický psycholog (sociální dovednosti, práce se stažením). ⚠️ ověřit aktuálnost. — Zdroj: bibliografie.md ⚠️ ověřit","pripad13 organizace propojeni"
"Co je paraplegie a jaký je v tomto případě typ postižení?","Paraplegie = úplné ochrnutí dolní poloviny těla (obou dolních končetin), nejčastěji po poškození míchy (úraz páteře). V tomto případě ZÍSKANÉ (poúrazové) tělesné postižení — člověk se nejprve vyvíjel normálně a náhle o část funkcí přišel. — Zdroj: Vágnerová kap.8.6, STR.70; Pipeková ⚠️","pripad14 somatopedie definice"
"Jaké jsou fáze adaptace na náhle získané postižení?","1) Fáze latence / nedostatečné informovanosti — myslí si, že jde o přechodný problém, cílem je úplné uzdravení. 2) Fáze pochopení traumatizující reality — pochopí trvalost → ŠOK, popření, odmítání kontaktu, smlouvání, čekání na zázrak. 3) Fáze postupné adaptace — učí se kompenzačním způsobům, připustí trvalou změnu, hledá nový smysl a hierarchii hodnot. — Zdroj: Vágnerová STR.61–62","pripad14 somatopedie faze-adaptace"
"Případ 14 (KLÍČOVÉ): jak vyložit slovní agresi a obviňování rodiny a personálu?","Je to FÁZE vyrovnávání se ztrátou, NE charakterová vada ani porucha osobnosti! Vnitřní napětí, pocit hořkosti a nespravedlnosti vlastního osudu vede ke změnám chování ke zdravým: jsou obviňováni za svůj lepší osud, poslouchají výčitky, stesky a výlevy depresí. S podporou tato fáze odezní a přijde nadhled. — Zdroj: Vágnerová STR.62","pripad14 somatopedie diferenciace-faze-porucha-osobnosti"
"ZÍSKANÉ × vrozené postižení — jaký je rozdíl (případ 14 × 8/12/15/23)?","ZÍSKANÉ (úraz, případ 14) = větší PSYCHICKÉ TRAUMA, protože člověk ví, co ztratil, a porovnává — ALE objektivně výhodnější: zachoval si kompetence a sociální dovednosti, které po adaptaci znovu uplatní. VROZENÉ (DMO, rozštěp) = ovlivní víc celý vývoj, ale subjektivně není tak traumatizující (zvyklý od dětství). — Zdroj: Vágnerová STR.57, 61","pripad14 somatopedie etiologie-ziskane-vrozene"
"Jak se získané postižení projeví v chování a vnímání (případ 14)?","Šok a popření trvalosti (čeká na zázrak, odmítá kontakt). Slovní agrese a obviňování okolí. GENERALIZACE — všechny problémy připisuje nepřesně svému postižení, i když s ním nesouvisí, nepřipustí, že i zdraví mají potíže. Riziko deprese a posttraumatického stresu; kolísání mezi rezignací a nadějí. — Zdroj: Vágnerová STR.61–62, 71","pripad14 somatopedie projevy"
"Terapie u získaného postižení (případ 14) — čeho se VYVAROVAT?","Nehodnotit slovní agresi jako charakterovou vadu. Neoplácet agresi, neurážet se osobně, nezpřetrhat vztah (personál ani rodina nejsou skutečný viník). Nevmanipulovat ho do role bezmocného dítěte přehnanou péčí. Nepodporovat nereálné čekání na zázrak, ale ani nebrat naději úplně. Nepřehlížet riziko deprese. — Zdroj: Vágnerová STR.61–62","pripad14 somatopedie terapie-vyvarovat-se"
"Terapie u získaného postižení (případ 14) — na čem PRACOVAT?","Obnova soběstačnosti (kompenzační způsoby pohybu/sebeobsluhy; vzor jiného vozíčkáře — co všechno je možné). Zpracování ztráty a obnova identity (psychologická podpora, dostatek času jako u somatické rehabilitace). Hledání nového smyslu a hodnot, využití zachovaných oblastí (profese, koníčky). Klidné nekonfrontační reakce personálu. — Zdroj: Vágnerová STR.61–62, 70, 73","pripad14 somatopedie terapie-pracovat-na"
"Případ 14: jak vyložit umístění v rehabilitačním ústavu a roli rodiny?","Rehabilitační ústav = somatická rehabilitace, ale obnova přijatelné identity vyžaduje stejné (často delší) úsilí než rehabilitace těla. Rodiče se obvykle vrátí k pečovatelskému postoji a postiženého VMANIPULUJÍ do role závislého dítěte — podporovat partnerský, ne podřízený vztah a samostatnost. — Zdroj: Vágnerová STR.62","pripad14 somatopedie kontext-pripadu"
"Případ 14: s kým / čím propojit (organizace, odborníci v ČR)?","Centrum Paraple (specializovaná pomoc po poškození míchy, nácvik soběstačnosti). Rehabilitační ústav (somatická rehabilitace). Liga vozíčkářů (sociální poradenství, bezbariérovost). Klinický psycholog (krizová intervence, prevence deprese). Sociální odbor / příspěvek na péči a na pomůcky. — Zdroj: bibliografie.md ⚠️ ověřit aktuálnost","pripad14 organizace propojeni"
"Případ 15: jaké dvě roviny postižení se zde kombinují?","1) Rozštěp páteře (spina bifida) = VROZENÁ vývojová vada uzávěru neurální trubice → postižení hybnosti DK (somatopedie). 2) Syndrom CAN (týrání) = ZÍSKANÉ psychické trauma z fyzického týrání otcem alkoholikem. Tělesné postižení + týrání se SKLÁDAJÍ (násobí zranitelnost). — Zdroj: Vágnerová STR.70, 181; Pipeková ⚠️","pripad15 somatopedie definice"
"Co je syndrom CAN a jaké jsou jeho tři varianty?","CAN (Child Abuse and Neglect) = jakékoli nenáhodné jednání dospělého, v dané společnosti odmítané, jež poškozuje tělesný, duševní a společenský vývoj dítěte. Trpí jím ~1–2 % dětí. TŘI VARIANTY: 1) Zanedbávání (citová/sociokulturní deprivace), 2) Týrání fyzické i psychické (← tento případ: bití, nadměrné tresty), 3) Sexuální zneužívání. — Zdroj: Vágnerová STR.181","pripad15 etopedie typ-varianty-can"
"Případ 15 (KLÍČOVÉ): proč chlapec reaguje přecitlivěle na prospěch a co to znamená?","Týrané děti mají HORŠÍ PROSPĚCH, než odpovídá jejich předpokladům — chybí jim motivace a sebedůvěra, očekávají neúspěch a negativní hodnocení. Přecitlivělost je DŮSLEDEK TÝRÁNÍ (CAN), NE tíže postižení ani snížený intelekt. Horší prospěch ≠ nízká inteligence. — Zdroj: Vágnerová STR.182–183","pripad15 etopedie diferenciace-jadro-pripadu"
"Jak se projevuje syndrom CAN u týraného dítěte (případ 15)?","Negativní sebehodnocení a přijetí role „špatného dítěte“ (pocit viny). Přecitlivělost a vztahovačnost — nedovede správně číst běžné projevy lidí, očekává ubližování i od neutrálních osob (učitel). Identifikace s agresorem (agrese k slabším) nebo únik/izolace. Autostimulace a sebepoškozování jako odreagování napětí. — Zdroj: Vágnerová STR.182–183","pripad15 etopedie projevy"
"Co je identifikace s agresorem a proč týrané dítě lpí na týrajícím rodiči (případ 15)?","Identifikace s agresorem = obranný mechanismus: dítě se začne chovat jako trýznitel (agrese k slabším) → zbaví se pocitu bezmoci. Paradoxně může na týrajícího rodiče NEPOCHOPITELNĚ LPĚT — také obrana (rodič je jediná vazba, dítě hledá jeho přízeň). Nedivit se tomu, je to typické. — Zdroj: Vágnerová STR.182","pripad15 etopedie diferenciace-obrany-zlobeni"
"VROZENÉ × ZÍSKANÉ u případu 15 (rozštěp × týrání)?","Rozštěp páteře je VROZENÉ postižení (chlapec na něj zvyklý od dětství). Týrání přidává ZÍSKANÉ psychické trauma. Vágnerová: „negativní vlivy se v případě postižených dětí SKLÁDAJÍ“ — postižené dítě je zranitelnější a hůře se týrání brání. Priorita: bezpečí dítěte. — Zdroj: Vágnerová STR.57, 183","pripad15 somatopedie etiologie-vrozene-ziskane"
"Terapie (případ 15) — čeho se VYVAROVAT?","Nepřehlédnout a nebagatelizovat týrání (trpí jím víc dětí, než je zachyceno). Nehodnotit přecitlivělost a horší prospěch jako lenost nebo nízký intelekt. Netrestat agresi a sebepoškozování jako „zlobení“ — jsou to obrany. Nedivit se lpění na týrajícím otci. Nezvyšovat tlak a kritiku ve škole (posiluje očekávání neúspěchu). — Zdroj: Vágnerová STR.182–183","pripad15 etopedie terapie-vyvarovat-se"
"Terapie (případ 15) — na čem PRACOVAT?","PRIORITA: zajistit bezpečí — ohlásit podezření na týrání (OSPOD). Obnova sebedůvěry a sebehodnocení zážitkem bezpečného, spolehlivého vztahu. Trpělivé budování důvěry (počítat se vztahovačností, nereagovat odmítnutím). Citlivá podpora ve škole, oceňovat pokrok ne jen výkon. Péče o tělesné postižení (Denní centrum, fyzioterapie, soběstačnost). — Zdroj: Vágnerová STR.181–183, 70","pripad15 etopedie terapie-pracovat-na"
"Případ 15: s kým / čím propojit (organizace, odborníci v ČR)?","OSPOD (orgán sociálně-právní ochrany dětí) — ochrana před týráním, priorita. Dětské krizové centrum / Linka bezpečí — krizová pomoc týranému dítěti. SVP (středisko výchovné péče) / etoped — práce s chováním a obrannými reakcemi. Denní centrum pro tělesně postižené (už využívá). SPC pro tělesné postižení / PPP / klinický psycholog — vzdělávání a terapie traumatu. — Zdroj: bibliografie.md ⚠️ ověřit aktuálnost","pripad15 organizace propojeni"
"Co je dětský autismus a kdo jej popsal?","Nejvýznamnější pervazivní vývojová porucha. VROZENÁ porucha poznávacích procesů a socializace; vývoj odlišný od počátku života. Postihuje ~3–5 dětí z 10 000, častěji chlapce. Poprvé popsal 1943 L. Kanner. — Zdroj: Vágnerová kap.11.1, STR.84","pripad16 speciální pedagogika osob s PAS definice"
"Dětský autismus v rámci spektra PAS — čím se liší od ostatních podtypů?","Dětský autismus (F84.0): plná triáda od raného věku, řeč nápadná/chybí, MR u 75 %. Aspergerův sy (F84.5): intelekt i řeč v normě. Atypický autismus (F84.1): neúplná kritéria. Hellerův sy (F84.3): regres po normálním vývoji do 2 let. — Zdroj: Vágnerová STR.84–87","pripad16 speciální pedagogika osob s PAS typ-pas"
"Dvě skupiny symptomů autismu (triáda PAS) podle Vágnerové?","1) NEGATIVNÍ symptomy (chybění projevů): poruchy socializace, poznávání (orientace), rozvoje řeči (komunikační funkce). 2) POZITIVNÍ symptomy (nadměrné/zkreslené): odchylky v chování — autostimulace, sebezraňování. Odpovídá triádě: interakce + komunikace + stereotypní chování. — Zdroj: Vágnerová STR.84–85","pripad16 speciální pedagogika osob s PAS projevy-triada"
"Jaké jsou příčiny dětského autismu (a jaký mýtus vyvrátit)?","Vrozená neurovývojová porucha — ORGANICKÉ postižení mozku, převážně GENETICKÉ předurčení. Faktory vnějšího prostředí nehrají podstatnou roli. POZOR: teorie „chladné matky"" (Bettelheim) je VYVRÁCENÝ, překonaný mýtus! — Zdroj: Vágnerová STR.84","pripad16 speciální pedagogika osob s PAS etiologie"
"Co je echolálie a proč u autismu neznamená porozumění?","Echolálie = opakování slov/vět druhého člověka BEZ porozumění a bez potřeby pochopit obsah. Děti reprodukují řeč jako jiné zvuky. Řeč u autismu NENÍ používána ke komunikaci (spíš repetitivní monolog). Typické i mluvení o sobě ve 3. osobě, nepoužívání „já"". — Zdroj: Vágnerová STR.86","pripad16 logopedie diferenciace"
"Terapie dětského autismu — čeho se VYVAROVAT?","Nesvádět autismus na rodinu (mýtus chladné matky). Neměnit náhle prostředí/režim (dezorientace, afekt). Nečekat samovolnou generalizaci (naučené ve škole neumí použít doma). Nepřetěžovat komplexními podněty a hlukem. Nemotivovat pochvalou (sociální ocenění nemá hodnotu). Sebepoškozování nechápat jako zlobení. — Zdroj: Vágnerová STR.84–86","pripad16 speciální pedagogika osob s PAS terapie-vyvarovat-se"
"Terapie dětského autismu — na čem PRACOVAT?","Strukturované, předvídatelné prostředí, neměnný řád a rituály (uspokojují, „nezatěžují""). Vizualizace (obrázkový denní režim). Logopedie + AAK na smíšenou poruchu řeči. Nácvik základních sociálních dovedností (= minimální sociální standard). Včasná všestranná podpora rodiny. — Zdroj: Vágnerová STR.86–87; Thorová/Klenková ⚠️","pripad16 speciální pedagogika osob s PAS terapie-pracovat-na"
"Případ 16: jak vyložit smíšenou poruchu řeči, poruchy spánku a psychomotorický neklid?","Smíšená porucha řeči (NKS) doplňuje jádrovou poruchu komunikace u autismu — řešit logopedií + AAK. Poruchy spánku a psychomotorický neklid souvisí s narušeným zpracováním podnětů a úzkostí (Vágnerová je u autismu výslovně nerozvádí ⚠️ doplněno z Thorové) — pomáhá spánková hygiena a snížení smyslové zátěže. — Zdroj: Vágnerová STR.85–86; Thorová ⚠️","pripad16 logopedie kontext-pripadu"
"Případ 16: s kým / čím propojit (organizace, odborníci v ČR)?","NAUTIS (dříve APLA) — diagnostika, strukturované učení. SPC pro PAS — IVP, speciální vzdělávání (integrace „nebývá příliš účelná""). Klinický logoped (smíšená porucha řeči, AAK). Dětský psychiatr (spánek, neklid). Raná péče / sociální odbor. — Zdroj: bibliografie.md ⚠️ ověřit aktuálnost","pripad16 organizace propojeni"
"Co je roztroušená skleróza (RS) a jak ji Vágnerová zařazuje?","RS = chronické, PROGRESIVNÍ neurologické onemocnění (demyelinizace — poškození obalů nervových vláken v CNS) s KOLÍSAVÝM, postupně se zhoršujícím průběhem; postihuje hybnost, řeč, citlivost, únavu i psychiku. Vágnerová ji řadí do rámce TĚLESNÉHO POSTIŽENÍ, kde jsou klíčové dva aspekty: omezení pohyblivosti a viditelná odlišnost. — Zdroj: Vágnerová kap.8.6, STR.70; Pipeková ⚠️","pripad17 somatopedie definice"
"Co je dysartrie a čím se liší od afázie?","Dysartrie = porucha MOTORICKÉ REALIZACE řeči (artikulace) při poškození nervosvalového řízení mluvidel → „špatně srozumitelná řeč"". Na rozdíl od afázie NENÍ narušen jazyk ani porozumění — je narušena jen výslovnost (člověk ví, co chce říct). Afázie (případ 5) = ztráta jazyka/porozumění po poškození mozku. — Zdroj: Neubauer ⚠️; odlišení Vágnerová STR.49","pripad17 logopedie definice-odliseni"
"Které dva aspekty tělesného postižení Vágnerová zdůrazňuje?","1) OMEZENÍ POHYBLIVOSTI → soběstačnost (lokomoce + sebeobsluha, ruce) určuje kvalitu života; vede k závislosti na druhých, omezení sociálních zkušeností a riziku izolace. 2) VIDITELNÁ ODLIŠNOST → snižuje sociální status a sebehodnocení; reakce okolí ovlivňují sebepojetí. — Zdroj: Vágnerová STR.70","pripad17 somatopedie klasifikace-aspekty"
"Jak se projevuje RS s dysartrií (případ 17)?","Řeč (dysartrie): špatně srozumitelná výslovnost při zachovaném jazyku a porozumění → komunikační neúspěch zatěžuje sebevědomí. Hybnost a soběstačnost: omezení lokomoce a sebeobsluhy → závislost. Únava: typický příznak RS, snižuje výkon. Kolísavost a progrese: lepší/horší dny, postupné zhoršování. Psychika: nízké sebevědomí, riziko deprese, tendence generalizovat problémy. — Zdroj: Vágnerová STR.70–71; Neubauer, Pipeková ⚠️","pripad17 somatopedie projevy"
"Etiologie u případu 17 — bio/psycho/sociál + vrozené × získané?","BIO = hlavní: demyelinizace v CNS → porucha hybnosti, citlivosti, řeči (dysartrie), únava; progresivní a kolísavý průběh. PSYCHO = modifikátor (klíč): nízké sebevědomí z poklesu soběstačnosti a komunikačního neúspěchu; zvládání zlosti a úzkosti. SOCIÁL = generalizace „závislá"" + riziko vyhýbání se lidem. SPIRITUÁL ⚠️ = rozměr důstojnosti, ne etiologie. RS je ZÍSKANÁ a PROGRESIVNÍ → nutnost přijmout novou identitu. — Zdroj: Vágnerová STR.54,70–71; Pipeková ⚠️","pripad17 somatopedie etiologie"
"Případ 17: NEJDŮLEŽITĚJŠÍ odlišení — dysartrie × afázie × intelekt?","Dysartrie (tento případ) = porucha VÝSLOVNOSTI; jazyk a porozumění ZACHOVÁNY. Afázie (případ 5) = vázne sám JAZYK/porozumění po poškození mozku. Špatně srozumitelná řeč ≠ snížený intelekt — nejednat s pacientkou „přes hlavu"". RS je PROGRESIVNÍ a KOLÍSAVÁ (ne stacionární) → pružný přístup, ne fixní nároky. — Zdroj: Vágnerová STR.49,70","pripad17 logopedie diferenciace-kontext-pripadu"
"RS + dysartrie — čeho se VYVAROVAT?","Nepřetěžovat (únava a kolísavý stav; nadměrná zátěž zhoršuje výkon i náladu). Nezaměnit špatně srozumitelnou řeč za snížený intelekt ani nejednat „přes hlavu"". Negeneralizovat člověka jako „úplně závislého"" — podporovat zachované kompetence. Neignorovat kolísavost (lepší/horší dny, ne fixní nároky). Nepodceňovat psychiku (nízké sebevědomí, riziko deprese). — Zdroj: Vágnerová STR.49,70–71; Pipeková ⚠️","pripad17 somatopedie terapie-vyvarovat-se"
"RS + dysartrie — na čem PRACOVAT?","Logopedie dysartrie (srozumitelnost řeči, tempo, dech; dle potřeby AAK). Fyzioterapie a udržení soběstačnosti + kompenzační pomůcky. Přiměřená, PRUŽNÁ zátěž s ohledem na únavu a kolísání. Posílení sebevědomí (zaměřit se na zvládnuté činnosti a úspěchy v komunikaci). Podpora přijetí změněné identity a zvládání zlosti/úzkosti. — Zdroj: Vágnerová STR.54,70–71; Neubauer ⚠️","pripad17 somatopedie terapie-pracovat-na"
"Případ 17: s kým / čím propojit (organizace, odborníci v ČR)?","Neurolog (RS centrum — léčba RS, zpomalení progrese, sledování stavu), klinický logoped (terapie dysartrie, příp. AAK), fyzioterapeut/ergoterapeut (hybnost, soběstačnost, pomůcky), Unie Roska (organizace lidí s RS — poradenství, svépomoc, rehabilitace), denní stacionář (už využívá) + klinický psycholog (podpora sebevědomí). ⚠️ ověřit aktuálnost. — Zdroj: bibliografie.md ⚠️ ověřit","pripad17 organizace propojeni"
"Co je nízkofunkční autismus?","Těžká forma poruchy autistického spektra v rámci dětského autismu (vrozená porucha poznávání a socializace). Charakteristické těžké postižení komunikace a porozumění a velmi častá kombinace s MR (mentální retardace postihuje 75 % autistických dětí). — Zdroj: Vágnerová kap.11.1, STR.84, 86","pripad18 speciální pedagogika osob s PAS definice"
"Nízkofunkční autismus v rámci spektra PAS — kde leží?","Nejnižší funkčnost spektra: těžké postižení komunikace a porozumění, často + MR. Proti tomu dětský autismus střední funkčnosti (řeč nápadná), Aspergerův sy (intelekt i řeč v normě) a atypický autismus (neúplná kritéria). — Zdroj: Vágnerová STR.86–87; Thorová ⚠️","pripad18 speciální pedagogika osob s PAS typ-pas"
"Triáda PAS u nízkofunkčního autismu — jak vypadá?","Triáda = sociální interakce + komunikace + stereotypní chování. U nízkofunkční formy je nejtěžší porucha KOMUNIKACE a porozumění (rozumí jen pár slovům) + výrazné stereotypie/autostimulace + snížené rozumové schopnosti. — Zdroj: Vágnerová STR.84–86","pripad18 speciální pedagogika osob s PAS projevy-triada"
"Případ 18: co znamená „narušené sluchové vnímání"" u autismu (KLÍČOVÉ)?","NENÍ to periferní hluchota! Jde o poruchu CENTRÁLNÍHO zpracování (dysgnózie). Dítě sluch má velmi dobře rozvinutý, přesně diferencuje zvuky, ALE neodlišuje zvuky řečové od jiných a nedekóduje význam slov. Proto slyší na jméno, ale nerozumí slovům. — Zdroj: Vágnerová STR.85","pripad18 speciální pedagogika osob s PAS diferenciace"
"Jaké jsou příčiny PAS / nízkofunkčního autismu (a jaký mýtus vyvrátit)?","Vrozená neurovývojová porucha — ORGANICKÉ postižení mozku, převážně GENETICKÉ předurčení; faktory prostředí nehrají podstatnou roli. U nízkofunkční formy + snížené rozumové schopnosti (MR). POZOR: teorie „chladné matky"" (Bettelheim) je VYVRÁCENÝ mýtus! — Zdroj: Vágnerová STR.84, 86","pripad18 speciální pedagogika osob s PAS etiologie"
"Nízkofunkční autismus × periferní sluchové postižení × MR — jak odlišit?","Nízkofunkční autismus: slyší, ale centrální zpracování narušeno (dysgnózie), plná triáda, často + MR. Periferní sluchové postižení: narušen příjem zvuku uchem, ale zájem o kontakt a komunikaci zachován. MR (bez autismu): sluch v normě, vztah k blízké osobě vzniká. — Zdroj: Vágnerová STR.77, 82, 85; kap.8.5","pripad18 speciální pedagogika osob s PAS diferenciace"
"Terapie nízkofunkčního autismu — čeho se VYVAROVAT?","Nezaměnit za periferní hluchotu (zesílení zvuku nepomůže). Nespoléhat na mluvenou instrukci (rozumí jen pár slovům) — používat vizuál a AAK. Neměnit náhle prostředí/režim. Nepřetěžovat hlasitými/komplexními podněty (přecitlivělost). Sebepoškozování nechápat jako zlobení. — Zdroj: Vágnerová STR.85–86; Thorová ⚠️","pripad18 speciální pedagogika osob s PAS terapie-vyvarovat-se"
"Terapie nízkofunkčního autismu — na čem PRACOVAT?","Vizualizace + AAK (piktogramy, výměnné karty) jako náhrada chybějícího porozumění řeči. Strukturované učení (TEACCH), neměnný řád a rituály. Nácvik sebeobsluhy po malých krocích. Materiální/strukturovaná odměna místo pochvaly. Všestranná podpora rodiny. — Zdroj: Vágnerová STR.85–87; Thorová ⚠️","pripad18 speciální pedagogika osob s PAS terapie-pracovat-na"
"Případ 18: s kým / čím propojit (organizace, odborníci v ČR)?","NAUTIS (dříve APLA) — diagnostika, strukturované učení, AAK. SPC pro PAS — IVP, speciální vzdělávání. Foniatr/audiolog — vyloučit periferní vadu sluchu (dif. dg.). Klinický logoped — AAK. Sociální odbor / příspěvek na péči. — Zdroj: bibliografie.md ⚠️ ověřit aktuálnost","pripad18 organizace propojeni"
"Co je mentální retardace a kde je „hranice defektivity""?","Souhrnné označení VROZENÉHO defektu rozumových schopností (méně než 70 % normy), trvalého. Příčinou je porucha CNS. Hranice mentální defektivity = IQ 70 (průměr = IQ 100). V populaci ~3 %. — Zdroj: Vágnerová kap.10, STR.77, 78","pripad19 psychopedie definice"
"Lehká mentální retardace (F70) — úroveň myšlení, řeči a učení?","IQ 50–69. Myšlení na úrovni dětí STŘEDNÍHO ŠKOLNÍHO VĚKU — respektuje některá pravidla logiky, ale NEUVAŽUJE abstraktně (chybí abstraktní pojmy, jen konkrétní označení). JE schopen se učit, zvládne výuku ve zvláštní/pomocné škole (ZŠ speciální/praktická). — Zdroj: Vágnerová STR.78","pripad19 psychopedie stupen-f70"
"ZKUŠEBNÍ PAST: případ 19 (F70) vs případ 22 (F71) — jaký je rozdíl?","Medailonek je skoro identický (muž 34 let, vada řeči, ZŠ speciální, šikanován, potíže v kontaktu). JEDINÝ rozdíl: 19 = LEHKÁ MR (F70, IQ 50–69, myšlení ≈ školák, respektuje logiku); 22 = STŘEDNĚ TĚŽKÁ MR (F71, IQ 35–49, myšlení ≈ předškolák) + navíc AGRESIVITA/SEBEPOŠKOZOVÁNÍ. Případ 19 agresivitu v zadání NEMÁ. — Zdroj: Vágnerová STR.78, 82–83","pripad19 psychopedie diferenciace-stupnu"
"Případ 19: jak vyložit šikanu a „potíže v navazování kontaktu s okolím""?","Šikana = násilně ponižující chování vůči slabšímu; slabost oběti agresi posiluje. NENÍ příčinou MR — je to SOCIÁLNÍ DŮSLEDEK → snížené sebevědomí, nedůvěra, strach → potíže v kontaktu. Řešení: obnova důvěry, nácvik sociálních dovedností, netlačit do kontaktu silou. — Zdroj: Vágnerová STR.81, 155","pripad19 psychopedie kontext-pripadu"
"Hlavní příčiny vzniku mentální retardace?","1) Dědičné (Downův sy = trizomie 21; polygenní). 2) Teratogenní prenatální (záření, alkohol, léky, virus zarděnek). 3) Perinatální (asfyxie, krvácení do mozku). 4) Postnatální do 18 měsíců (později = získané). POZOR: pseudooligofrenie (ze zanedbanosti, bez narušení CNS) NENÍ MR. — Zdroj: Vágnerová STR.78","pripad19 psychopedie etiologie"
"Mentální retardace × demence × pseudooligofrenie?","MR = VROZENÝ defekt rozumu od počátku vývoje, trvalý, CNS narušena. Demence = ZÍSKANÝ úbytek dříve normálního rozumu (zhoršuje se). Pseudooligofrenie = ze zanedbanosti, CNS bez narušení, zlepšitelná v lepším prostředí (NENÍ MR). — Zdroj: Vágnerová STR.77, 78","pripad19 psychopedie diferenciace"
"Případ 19 (lehká MR + šikana) — čeho se VYVAROVAT?","Nepřetěžovat abstrakcí (F70 chápe konkrétní logiku, ne abstraktní pojmy). Nepoužívat ironii/metafory/složité instrukce. Nebagatelizovat následky šikany — netlačit do kontaktu silou, budovat důvěru postupně. Nezneužít sugestibilitu (chránit před manipulací). Nenechat dospělého bez vedení. — Zdroj: Vágnerová STR.78, 80, 81, 155","pripad19 psychopedie terapie-vyvarovat-se"
"Případ 19 (lehká MR + šikana) — na čem PRACOVAT?","Klidné, srozumitelné, BEZPEČNÉ prostředí + pravidelný režim. Obnova důvěry a sebevědomí po šikaně (pozitivní zkušenosti, nácvik sociálních dovedností). Pracovní začlenění přiměřené F70 (zvládne jednoduchou práci) — podporované zaměstnávání. Pozitivní hodnocení/pochvala. Logopedie na vadu řeči. — Zdroj: Vágnerová STR.79, 81, 82–83, 155","pripad19 psychopedie terapie-pracovat-na"
"Případ 19: s kým / čím propojit (organizace, odborníci v ČR)?","SPC (diagnostika, poradenství), klinický logoped (vada řeči), psycholog/psychoterapie (následky šikany, sociální dovednosti), podporované zaměstnávání / chráněné dílny, SPMP ČR, sociální odbor (příspěvek na péči). — Zdroj: bibliografie.md ⚠️ ověřit aktuálnost","pripad19 organizace propojeni"
"Co je demence a v čem je klíčový rozdíl oproti mentální retardaci?","Demence = syndrom úbytku komplexu kognitivních funkcí (hlavně inteligence a paměti) — ZTRÁTA již rozvinutých funkcí, ZÍSKANÉ postižení na organickém podkladě CNS, progredující. MR je naopak VROZENÁ od počátku vývoje. ('Stařecká demence' = laický pojem pro demenci ve stáří, nejčastěji Alzheimerova/smíšená.) — Zdroj: Vágnerová kap.9, STR.72–73","pripad20 gerontopedie definice-diferenciace"
"Co jsou BPSD (behaviorální a psychologické symptomy demence)?","Emoční a behaviorální projevy demence vedle kognitivních: poruchy emotivity (labilita, dráždivost), afektivní výbuchy, agitovanost, negativismus, apaticko-abulický syndrom; ztráta empatie, bezohlednost, egocentrismus → ztěžují soužití. Poruchy emotivity jsou STABILNÍM a typickým příznakem demencí. — Zdroj: Vágnerová STR.73–74; Pidrman ⚠️","pripad20 gerontopedie bpsd-projevy"
"Případ 20: proč odmítá fyzioterapii a jakoukoliv činnost?","Jde o APATICKO-ABULICKÝ SYNDROM — zúžení až ztráta motivace, iniciativy a zájmu o cokoli. Je to PŘÍZNAK NEMOCI (organický podklad), NE lenost ani naschvál. Reakce: nabízet drobnou činnost po malých krocích bez nátlaku, navázat na chvíle ochoty. — Zdroj: Vágnerová STR.73","pripad20 gerontopedie kontext-pripadu"
"Případ 20: proč vyvolává konflikty se spolubydlícími?","Demence vede ke ztrátě empatie, k bezohlednosti, egocentrismu, dráždivosti a negativismu — nemocní přestávají respektovat běžné normy chování. Je to BPSD, ne 'zlá povaha'. Reakce: nekonfrontovat, neargumentovat logikou, validovat, předcházet spouštěčům a oddělit od dráždivých situací. — Zdroj: Vágnerová STR.73–74, 76","pripad20 gerontopedie kontext-pripadu"
"Případ 20: jak do rozboru zahrnout zármutek a izolaci?","Čerstvé ovdovění (úmrtí manžela) = akutní psychická zátěž, která prohlubuje apatii, depresi i dráždivost. Sociální izolace (synové na návštěvě jen 2× ročně) odebírá podpůrný kontakt, který demenci zmírňuje. PSYCHO a SOCIÁL jsou zde silné modifikátory průběhu — patří do analýzy. — Zdroj: Vágnerová STR.74–76","pripad20 gerontopedie etiologie-kontext"
"Hlavní příčina (etiologie) demence — bio/psycho/sociál?","BIO = hlavní: organické poškození CNS (neurodegenerace u Alzheimera — nejčastější; nebo cévní poškození). PSYCHO a SOCIÁL = modifikátory (u případu 20 silné: zármutek po ovdovění, izolace). SPIRITUÁL ⚠️ = jen rozměr důstojnosti, doprovázení a péče, NE etiologie. — Zdroj: Vágnerová STR.72–74","pripad20 gerontopedie etiologie"
"Demence s BPSD — čeho se VYVAROVAT?","Neargumentovat logikou a nevyvracet realitu (nemocný nechápe → výbuch). Nekonfrontovat a netlačit do činnosti silou. Nepřičítat vinu za konflikty ('dělá to schválně'). Nepodporovat únik rodiny ('nemá to smysl') — prohlubuje izolaci. Nepřehlížet čerstvý zármutek. — Zdroj: Vágnerová STR.74, 76","pripad20 gerontopedie terapie-vyvarovat-se"
"Demence s BPSD — na čem PRACOVAT?","VALIDACE (přijmout prožívání, neopravovat realitu, klidný tón). Stabilní známý režim a předvídatelnost. Drobná dobrovolná aktivizace po malých krocích (bez nátlaku) proti apatii. Mírnit konflikty předcházením spouštěčů. Podpora kontaktu s rodinou a se známými (návštěvy působí podpůrně). — Zdroj: Vágnerová STR.74–76; Pidrman/Jirák ⚠️","pripad20 gerontopedie terapie-pracovat-na"
"Případ 20: s kým / čím propojit (organizace, odborníci v ČR)?","Domov pro osoby se ZP / domov se zvláštním režimem, psychiatr/geriatr (zvládání BPSD, případná medikace), fyzioterapeut (citlivě, bez nátlaku), Česká alzheimerovská společnost (ČALS), sociální pracovník/rodina (řešit izolaci, podpořit návštěvy synů; příspěvek na péči). ⚠️ ověřit aktuálnost. — Zdroj: bibliografie.md ⚠️ ověřit","pripad20 organizace propojeni"
"Co je atypický autismus a čím se liší od dětského autismu?","Pervazivní vývojová porucha (PAS, F84.1), která NESPLŇUJE PLNĚ kritéria dětského autismu — buď nastupuje později, nebo je triáda neúplná (chybí příznaky v jedné oblasti). Vývoj je odlišný od počátku života jako u ostatních PAS. — Zdroj: Vágnerová kap.11, STR.84; Thorová ⚠️","pripad21 speciální pedagogika osob s PAS definice"
"Atypický autismus v rámci spektra PAS — kde leží?","F84.1 — neúplná/atypická kritéria. Dětský autismus (F84.0) = plná triáda od raného věku. Aspergerův sy (F84.5) = intelekt i řeč v normě. Hellerův sy (F84.3) = regres po normálním vývoji do 2 let. U tohoto muže komorbidita s MR. — Zdroj: Vágnerová STR.87; Thorová ⚠️","pripad21 speciální pedagogika osob s PAS typ-pas"
"Triáda PAS u atypického autismu — jak vypadá?","Triáda = sociální interakce + komunikace + stereotypní chování. U atypického autismu je triáda NEÚPLNÁ nebo se projevila atypicky/později. Přítomna porucha socializace, omezená komunikace a potřeba neměnnosti (rituály). — Zdroj: Vágnerová STR.84–86; Thorová ⚠️","pripad21 speciální pedagogika osob s PAS projevy-triada"
"Jaké jsou příčiny PAS (a jaký mýtus vyvrátit)?","Vrozená neurovývojová porucha — ORGANICKÉ postižení mozku, převážně GENETICKÉ předurčení; faktory prostředí nehrají podstatnou roli. Autismus je vrozený i u dospělého. POZOR: teorie „chladné matky"" (Bettelheim) je VYVRÁCENÝ mýtus! — Zdroj: Vágnerová STR.84","pripad21 speciální pedagogika osob s PAS etiologie"
"Případ 21: jak v dospělosti odlišit reakci na ztrátu od demence?","Autismus (i atypický) je VROZENÝ, trvá celý život — mění se životní situace (smrt rodičů a sourozence, nástup do ÚSP), NE podstata poruchy. Afekt/regres po ztrátě = reakce na ztrátu a změnu, nezaměnit za demenci (získaný úbytek rozumu) ani psychózu. — Zdroj: Vágnerová STR.84, 87; kap.9","pripad21 speciální pedagogika osob s PAS diferenciace"
"Co o dospělých s autismem a ústavní péči říká Vágnerová?","I v dospělosti bývá sociální zařazení obtížné: potřebují chráněné bydlení a zaměstnání, často proto končí v ústavním zařízení. Jakákoli zvládnutelná pracovní činnost uchovává kompetence a dává životu náplň. (Odpovídá umístění do ÚSP.) — Zdroj: Vágnerová STR.84, 87","pripad21 speciální pedagogika osob s PAS kontext-pripadu"
"Terapie/péče u dospělého s atypickým autismem — čeho se VYVAROVAT?","Nezahltit změnami (náhlý přesun, nové osoby a režim jsou pro PAS extrémně zátěžové). Nepodceňovat truchlení a zmatek ze ztráty; afekt/regres nechápat jako zlobení. Nezaměnit reakci na ztrátu za demenci. Neměnit zbytečně pečující osoby. Nemotivovat sociální pochvalou. — Zdroj: Vágnerová STR.85–86; kap.9","pripad21 speciální pedagogika osob s PAS terapie-vyvarovat-se"
"Terapie/péče u dospělého s atypickým autismem — na čem PRACOVAT?","Stabilní, předvídatelné prostředí v ÚSP, jasná struktura dne a rituály. Citlivá adaptace na ztrátu (postupné zvykání, vizuální podpora, doprovázení). Zachování soběstačnosti a pracovní náplň. Vizualizace a strukturované učení pro dospělého. Sociální/právní zajištění (opatrovnictví, příspěvek na péči). — Zdroj: Vágnerová STR.84, 86–87; Thorová ⚠️","pripad21 speciální pedagogika osob s PAS terapie-pracovat-na"
"Případ 21: s kým / čím propojit (organizace, odborníci v ČR)?","ÚSP / domov pro osoby se ZP (už využívá) — pobytová služba, stálý režim. NAUTIS (dříve APLA) — metodická podpora péče o dospělé s PAS. Psychiatr/psycholog (zvládání ztráty). Sociální pracovník/opatrovník (opatrovnictví, příspěvek na péči). Chráněné dílny (pracovní náplň). — Zdroj: bibliografie.md ⚠️ ověřit aktuálnost","pripad21 organizace propojeni"
"Co je mentální retardace a kde je „hranice defektivity""?","Souhrnné označení VROZENÉHO defektu rozumových schopností (méně než 70 % normy), trvalého. Příčinou je porucha CNS. Hranice mentální defektivity = IQ 70 (průměr = IQ 100). V populaci ~3 %. — Zdroj: Vágnerová kap.10, STR.77, 78","pripad22 psychopedie definice"
"Středně těžká MR (F71) — úroveň myšlení, řeči a učení?","IQ 35–49. Myšlení ≈ PŘEDŠKOLNÍ dítě. Řeč chudá, agramatická, špatně artikulovaná; chybí i méně běžné konkrétní pojmy. Učí se JEN MECHANICKY na praktické úrovni. Zvládne běžné návyky a jednoduché dovednosti (sebeobsluha, pracovní úkony). — Zdroj: Vágnerová STR.78","pripad22 psychopedie stupen-f71"
"ZKUŠEBNÍ PAST: případ 22 (F71) vs případ 19 (F70) — dva rozdíly?","Medailonek skoro identický (muž 34 let, vada řeči, ZŠ speciální, šikanován, potíže v kontaktu). ROZDÍLY: 1) stupeň — 22 = STŘEDNĚ TĚŽKÁ (F71, IQ 35–49, myšlení ≈ předškolák), 19 = LEHKÁ (F70, IQ 50–69, myšlení ≈ školák). 2) Případ 22 má NAVÍC agresivitu/sebepoškozování; případ 19 ji nemá. — Zdroj: Vágnerová STR.78, 82–83","pripad22 psychopedie diferenciace-stupnu"
"Případ 22: jak vyložit agresivitu a sebepoškozování?","NENÍ to „zlobení"". Agrese se v rané dospělosti zvyšuje jako reakce na stresující prostředí (odmítání, omezování, které nechápe) NEBO z biologických faktorů (dráždivost u organického poškození). Sebepoškozování = autostimulace / mechanismus uvolňující napětí z přetěžování, případně neverbální KOMUNIKACE potřeb. Řešit úpravou zátěže a podnětů, ne trestem. — Zdroj: Vágnerová STR.82, 83","pripad22 psychopedie kontext-pripadu"
"Případ 22: jak vyložit šikanu a potíže v kontaktu?","Šikana = násilně ponižující chování vůči slabšímu (MR + vada řeči = snadný terč). NENÍ příčinou MR — je to sociální důsledek → snížené sebevědomí, nedůvěra, potíže v navazování kontaktu. Problémové chování bývá u závažněji postižených způsobem neverbální komunikace. — Zdroj: Vágnerová STR.83, 155","pripad22 psychopedie diferenciace"
"Hlavní příčiny vzniku mentální retardace?","1) Dědičné (Downův sy = trizomie 21; polygenní). 2) Teratogenní prenatální (záření, alkohol, léky, virus zarděnek). 3) Perinatální (asfyxie, krvácení do mozku). 4) Postnatální do 18 měsíců (později = získané). POZOR: pseudooligofrenie (ze zanedbanosti, bez narušení CNS) NENÍ MR. — Zdroj: Vágnerová STR.78","pripad22 psychopedie etiologie"
"Případ 22 (středně těžká MR + agrese) — čeho se VYVAROVAT?","Nepřetěžovat (nesrozumitelné nároky spouští afekty a sebepoškozování). NEREAGOVAT na agresi/sebepoškozování TRESTEM — je to obrana/komunikace, trest jen zvyšuje napětí. Nevyžadovat abstrakci, rychlé reakce, časté změny. Nepoužívat ironii/metafory. Neměnit zbytečně prostředí a pečující osoby; nebagatelizovat šikanu. — Zdroj: Vágnerová STR.80, 82, 83, 155","pripad22 psychopedie terapie-vyvarovat-se"
"Případ 22 (středně těžká MR + agrese) — na čem PRACOVAT?","Klidné, stabilní, srozumitelné a BEZPEČNÉ prostředí + stereotyp a režim. Hledat a odstraňovat SPOUŠTĚČE agrese/sebepoškozování + nabídnout náhradní podnět. Citová jistota (motivátor učení). AAK — naučit sdělit potřebu místo afektu. Obnova důvěry po šikaně + pochvala. Sebeobsluha a jednoduché úkony na úrovni F71. — Zdroj: Vágnerová STR.79, 81, 82–83, 155","pripad22 psychopedie terapie-pracovat-na"
"Případ 22: s kým / čím propojit (organizace, odborníci v ČR)?","SPC (diagnostika, poradenství), klinický logoped (vada řeči + AAK), psycholog/psychiatr (spouštěče agrese, následky šikany, případně medikace afektů), denní stacionář / chráněné bydlení (struktura, bezpečí), SPMP ČR, sociální odbor (příspěvek na péči). — Zdroj: bibliografie.md ⚠️ ověřit aktuálnost","pripad22 organizace propojeni"
"Co je rozštěp páteře (spina bifida) a jaký je v případě 23 typ postižení?","Vrozená vývojová vada neúplného uzávěru neurální trubice / páteřního kanálu; různá míra postižení hybnosti dolních končetin a funkcí pánve. VROZENÉ tělesné postižení (somatopedie). U této ženy lehčí stupeň — chodí o francouzských berlích, vystudovala SŠ. — Zdroj: Vágnerová kap.8.6, STR.70; Pipeková ⚠️","pripad23 somatopedie definice"
"Případ 23 (KLÍČOVÉ): co je skutečným jádrem problému — tíže postižení, nebo něco jiného?","NE tíže postižení! Žena chodí o berlích a vystudovala SŠ ekonomickou — objektivně by zvládla víc. Jádrem je PSYCHOSOCIÁLNÍ rozměr: nesoběstačnost a závislost na matce jsou z velké části NAUČENÉ (hyperprotektivní výchova, neuvolnění symbiotické vazby), ne nutný důsledek vady. — Zdroj: Vágnerová STR.58, 70","pripad23 somatopedie diferenciace-jadro-pripadu"
"Co je hyperprotektivita a jak souvisí se závislostí (případ 23)?","Hyperprotektivita = nadměrně ochranitelský postoj rodiče a neochota uvolnit symbiotickou vazbu s dítětem. U postižených dětí je osamostatňování vždy obtížnější a rodiče přetrvávání závislosti považují za přiměřené → vzniká pasivně-receptivní postoj a naučená nesamostatnost. Závislost funguje jako zdroj jistoty a bezpečí. — Zdroj: Vágnerová STR.58–59","pripad23 somatopedie etiologie-psychosocialni"
"Proč je u případu 23 chybou hodnotit ženu jako mentálně postiženou nebo neschopnou?","Tělesné postižení ≠ snížený intelekt. Žena vystudovala STŘEDNÍ EKONOMICKOU ŠKOLU — inteligence je zachována. Pohybově postižení mohou studovat většinu oborů a dosahovat dobrých výsledků; profesní role bývá nejdůležitější složkou identity. Tělesné ≠ mentální. — Zdroj: Vágnerová STR.70","pripad23 somatopedie diferenciace-telesne-mentalni"
"VROZENÉ × získané u případu 23 (rozštěp × úraz)?","Rozštěp páteře je VROZENÉ postižení — žena je na něj zvyklá od dětství, není subjektivně tak traumatizující jako úraz, zato více formuje vývoj. Riziko vrozeně postižených: nedostatečné osamostatnění a fixace závislosti. Kontrast: získaná paraplegie (případ 14) = náhlá ztráta, větší trauma, ale zachované kompetence. — Zdroj: Vágnerová STR.57–59","pripad23 somatopedie etiologie-vrozene-ziskane"
"Terapie (případ 23) — čeho se VYVAROVAT?","Nepřičítat nesoběstačnost jen postižení (z velké části je naučená). Nepodporovat hyperprotektivitu matky a setrvávání symbiotické vazby. Nepodceňovat intelekt a kompetence. Neřešit za ni vše „pro jistotu“ (upevňuje pasivitu). Nezanedbat vrstevnické a partnerské vztahy mimo matku. — Zdroj: Vágnerová STR.58–59, 70","pripad23 somatopedie terapie-vyvarovat-se"
"Terapie (případ 23) — na čem PRACOVAT?","Postupné osamostatňování (nácvik soběstačnosti, podporované bydlení, vlastní rozhodování). Pracovní uplatnění s využitím SŠ ekonomické. Práce s matkou — uvolnění symbiotické vazby, přenesení péče na služby. Posílení sebedůvěry a motivace k autonomii (chybí motivace, ne schopnosti). Rozšíření sociálních vztahů mimo domácnost. — Zdroj: Vágnerová STR.58–59, 62, 70","pripad23 somatopedie terapie-pracovat-na"
"Případ 23: jak vyložit chůzi o berlích, SŠ a soužití s matkou po rozvodu rodičů?","Berle = zachovaná částečná lokomoce (tělesný stav umožňuje vyšší samostatnost, než žena uplatňuje). SŠ = zachovaný intelekt a kompetence. Po rozvodu je matka jediné zázemí → silná symbiotická vazba, která nahrazuje partnerství a brání dospělé roli. Cíl: přenést jistotu z matky na vlastní kompetence a služby. — Zdroj: Vágnerová STR.58, 62, 70","pripad23 somatopedie kontext-pripadu"
"Případ 23: s kým / čím propojit (organizace, odborníci v ČR)?","Liga vozíčkářů (poradenství, samostatný život, zaměstnávání). Sociální rehabilitace / podporované bydlení a zaměstnávání (nácvik samostatnosti, práce). Psycholog / rodinný terapeut (závislost, hyperprotektivní vazba). Fyzioterapeut (hybnost, berle). Sociální odbor / příspěvek na péči (nastavit tak, aby podporoval samostatnost). — Zdroj: bibliografie.md ⚠️ ověřit aktuálnost","pripad23 organizace propojeni"
